
-- Running command `read_rtlil patent/complete-design-2026-09-05/rtl/relay.il; proc; write_verilog -noattr patent/complete-design-2026-09-05/rtl/ener_relay.v; synth_ice40 -top ener_relay -json patent/complete-design-2026-09-05/rtl/ener_relay.json; stat' --

1. Executing RTLIL frontend.
Input filename: patent/complete-design-2026-09-05/rtl/relay.il

2. Executing PROC pass (convert processes to netlists).

2.1. Executing PROC_CLEAN pass (remove empty switches from decision trees).
Cleaned up 0 empty switches.

2.2. Executing PROC_RMDEAD pass (remove dead branches from decision trees).
Marked 1 switch rules as full_case in process $565 in module ener_relay.core.
Marked 4 switch rules as full_case in process $563 in module ener_relay.core.
Marked 1 switch rules as full_case in process $561 in module ener_relay.core.
Marked 1 switch rules as full_case in process $559 in module ener_relay.core.
Marked 1 switch rules as full_case in process $557 in module ener_relay.core.
Marked 1 switch rules as full_case in process $555 in module ener_relay.core.
Marked 1 switch rules as full_case in process $553 in module ener_relay.core.
Marked 1 switch rules as full_case in process $551 in module ener_relay.core.
Marked 1 switch rules as full_case in process $549 in module ener_relay.core.
Marked 1 switch rules as full_case in process $547 in module ener_relay.core.
Marked 1 switch rules as full_case in process $545 in module ener_relay.core.
Marked 1 switch rules as full_case in process $543 in module ener_relay.core.
Marked 1 switch rules as full_case in process $541 in module ener_relay.core.
Marked 1 switch rules as full_case in process $539 in module ener_relay.core.
Marked 1 switch rules as full_case in process $537 in module ener_relay.core.
Marked 1 switch rules as full_case in process $535 in module ener_relay.core.
Marked 1 switch rules as full_case in process $533 in module ener_relay.core.
Marked 1 switch rules as full_case in process $531 in module ener_relay.core.
Marked 1 switch rules as full_case in process $529 in module ener_relay.core.
Marked 1 switch rules as full_case in process $527 in module ener_relay.core.
Marked 1 switch rules as full_case in process $525 in module ener_relay.core.
Marked 1 switch rules as full_case in process $523 in module ener_relay.core.
Marked 1 switch rules as full_case in process $521 in module ener_relay.core.
Marked 1 switch rules as full_case in process $519 in module ener_relay.core.
Marked 1 switch rules as full_case in process $517 in module ener_relay.core.
Marked 1 switch rules as full_case in process $515 in module ener_relay.core.
Marked 1 switch rules as full_case in process $513 in module ener_relay.core.
Marked 1 switch rules as full_case in process $511 in module ener_relay.core.
Marked 1 switch rules as full_case in process $509 in module ener_relay.core.
Marked 1 switch rules as full_case in process $507 in module ener_relay.core.
Marked 1 switch rules as full_case in process $505 in module ener_relay.core.
Marked 1 switch rules as full_case in process $503 in module ener_relay.core.
Marked 1 switch rules as full_case in process $501 in module ener_relay.core.
Marked 1 switch rules as full_case in process $499 in module ener_relay.core.
Marked 1 switch rules as full_case in process $497 in module ener_relay.core.
Marked 1 switch rules as full_case in process $495 in module ener_relay.core.
Marked 1 switch rules as full_case in process $493 in module ener_relay.core.
Marked 1 switch rules as full_case in process $491 in module ener_relay.core.
Marked 1 switch rules as full_case in process $489 in module ener_relay.core.
Marked 1 switch rules as full_case in process $487 in module ener_relay.core.
Marked 1 switch rules as full_case in process $485 in module ener_relay.core.
Marked 1 switch rules as full_case in process $483 in module ener_relay.core.
Marked 1 switch rules as full_case in process $481 in module ener_relay.core.
Marked 1 switch rules as full_case in process $479 in module ener_relay.core.
Marked 1 switch rules as full_case in process $477 in module ener_relay.core.
Marked 1 switch rules as full_case in process $475 in module ener_relay.core.
Marked 1 switch rules as full_case in process $473 in module ener_relay.core.
Marked 1 switch rules as full_case in process $471 in module ener_relay.core.
Marked 1 switch rules as full_case in process $469 in module ener_relay.core.
Marked 1 switch rules as full_case in process $467 in module ener_relay.core.
Marked 1 switch rules as full_case in process $465 in module ener_relay.core.
Marked 1 switch rules as full_case in process $463 in module ener_relay.core.
Marked 1 switch rules as full_case in process $461 in module ener_relay.core.
Marked 1 switch rules as full_case in process $459 in module ener_relay.core.
Marked 1 switch rules as full_case in process $457 in module ener_relay.core.
Marked 1 switch rules as full_case in process $455 in module ener_relay.core.
Marked 1 switch rules as full_case in process $453 in module ener_relay.core.
Marked 1 switch rules as full_case in process $451 in module ener_relay.core.
Marked 1 switch rules as full_case in process $449 in module ener_relay.core.
Marked 1 switch rules as full_case in process $447 in module ener_relay.core.
Marked 1 switch rules as full_case in process $445 in module ener_relay.core.
Marked 1 switch rules as full_case in process $443 in module ener_relay.core.
Marked 1 switch rules as full_case in process $441 in module ener_relay.core.
Marked 1 switch rules as full_case in process $439 in module ener_relay.core.
Marked 1 switch rules as full_case in process $437 in module ener_relay.core.
Marked 1 switch rules as full_case in process $435 in module ener_relay.core.
Marked 1 switch rules as full_case in process $431 in module ener_relay.core.
Marked 1 switch rules as full_case in process $429 in module ener_relay.core.
Marked 1 switch rules as full_case in process $427 in module ener_relay.core.
Marked 1 switch rules as full_case in process $425 in module ener_relay.core.
Marked 4 switch rules as full_case in process $423 in module ener_relay.core.
Marked 3 switch rules as full_case in process $421 in module ener_relay.core.
Marked 1 switch rules as full_case in process $419 in module ener_relay.core.
Marked 3 switch rules as full_case in process $417 in module ener_relay.core.
Marked 3 switch rules as full_case in process $415 in module ener_relay.core.
Marked 1 switch rules as full_case in process $413 in module ener_relay.core.
Marked 1 switch rules as full_case in process $409 in module ener_relay.core.
Marked 1 switch rules as full_case in process $407 in module ener_relay.core.
Marked 1 switch rules as full_case in process $405 in module ener_relay.core.
Marked 1 switch rules as full_case in process $401 in module ener_relay.core.
Marked 1 switch rules as full_case in process $399 in module ener_relay.core.
Marked 1 switch rules as full_case in process $397 in module ener_relay.core.
Marked 1 switch rules as full_case in process $393 in module ener_relay.core.
Marked 1 switch rules as full_case in process $391 in module ener_relay.core.
Marked 1 switch rules as full_case in process $389 in module ener_relay.core.
Marked 1 switch rules as full_case in process $385 in module ener_relay.core.
Marked 1 switch rules as full_case in process $383 in module ener_relay.core.
Marked 1 switch rules as full_case in process $381 in module ener_relay.core.
Marked 1 switch rules as full_case in process $377 in module ener_relay.core.
Marked 1 switch rules as full_case in process $375 in module ener_relay.core.
Marked 1 switch rules as full_case in process $373 in module ener_relay.core.
Marked 1 switch rules as full_case in process $369 in module ener_relay.core.
Marked 1 switch rules as full_case in process $367 in module ener_relay.core.
Marked 1 switch rules as full_case in process $365 in module ener_relay.core.
Marked 1 switch rules as full_case in process $361 in module ener_relay.core.
Marked 1 switch rules as full_case in process $359 in module ener_relay.core.
Marked 1 switch rules as full_case in process $355 in module ener_relay.core.
Marked 1 switch rules as full_case in process $353 in module ener_relay.core.
Marked 1 switch rules as full_case in process $351 in module ener_relay.core.
Marked 5 switch rules as full_case in process $343 in module ener_relay.core.
Marked 3 switch rules as full_case in process $341 in module ener_relay.core.
Marked 3 switch rules as full_case in process $339 in module ener_relay.core.
Marked 7 switch rules as full_case in process $337 in module ener_relay.core.
Marked 1 switch rules as full_case in process $330 in module ener_relay.core.
Marked 1 switch rules as full_case in process $328 in module ener_relay.core.
Marked 1 switch rules as full_case in process $324 in module ener_relay.core.
Marked 1 switch rules as full_case in process $321 in module ener_relay.core.
Marked 1 switch rules as full_case in process $319 in module ener_relay.core.
Marked 1 switch rules as full_case in process $314 in module ener_relay.core.
Marked 1 switch rules as full_case in process $312 in module ener_relay.core.
Marked 1 switch rules as full_case in process $263 in module ener_relay.core.
Marked 1 switch rules as full_case in process $227 in module ener_relay.core.
Marked 1 switch rules as full_case in process $107 in module ener_relay.
Removed a total of 0 dead cases.

2.3. Executing PROC_PRUNE pass (remove redundant assignments in processes).
Removed 9 redundant assignments.
Promoted 0 assignments to connections.

2.4. Executing PROC_INIT pass (extract init attributes).

2.5. Executing PROC_ARST pass (detect async resets in processes).

2.6. Executing PROC_ROM pass (convert switches to ROMs).
Converted 0 switches.
<suppressed ~1349 debug messages>

2.7. Executing PROC_MUX pass (convert decision trees to multiplexers).
Creating decoders for process `\ener_relay.core.$565'.
     1/1: $223
Creating decoders for process `\ener_relay.core.$563'.
     1/1: $222
Creating decoders for process `\ener_relay.core.$561'.
     1/1: $221
Creating decoders for process `\ener_relay.core.$559'.
     1/1: $220
Creating decoders for process `\ener_relay.core.$557'.
     1/1: $219
Creating decoders for process `\ener_relay.core.$555'.
     1/1: $218
Creating decoders for process `\ener_relay.core.$553'.
     1/1: $217
Creating decoders for process `\ener_relay.core.$551'.
     1/1: $216
Creating decoders for process `\ener_relay.core.$549'.
     1/1: $215
Creating decoders for process `\ener_relay.core.$547'.
     1/1: $214
Creating decoders for process `\ener_relay.core.$545'.
     1/1: $213
Creating decoders for process `\ener_relay.core.$543'.
     1/1: $212
Creating decoders for process `\ener_relay.core.$541'.
     1/1: $211
Creating decoders for process `\ener_relay.core.$539'.
     1/1: $210
Creating decoders for process `\ener_relay.core.$537'.
     1/1: $209
Creating decoders for process `\ener_relay.core.$535'.
     1/1: $208
Creating decoders for process `\ener_relay.core.$533'.
     1/1: $207
Creating decoders for process `\ener_relay.core.$531'.
     1/1: $206
Creating decoders for process `\ener_relay.core.$529'.
     1/1: $205
Creating decoders for process `\ener_relay.core.$527'.
     1/1: $204
Creating decoders for process `\ener_relay.core.$525'.
     1/1: $203
Creating decoders for process `\ener_relay.core.$523'.
     1/1: $202
Creating decoders for process `\ener_relay.core.$521'.
     1/1: $201
Creating decoders for process `\ener_relay.core.$519'.
     1/1: $200
Creating decoders for process `\ener_relay.core.$517'.
     1/1: $199
Creating decoders for process `\ener_relay.core.$515'.
     1/1: $198
Creating decoders for process `\ener_relay.core.$513'.
     1/1: $197
Creating decoders for process `\ener_relay.core.$511'.
     1/1: $196
Creating decoders for process `\ener_relay.core.$509'.
     1/1: $195
Creating decoders for process `\ener_relay.core.$507'.
     1/1: $194
Creating decoders for process `\ener_relay.core.$505'.
     1/1: $193
Creating decoders for process `\ener_relay.core.$503'.
     1/1: $192
Creating decoders for process `\ener_relay.core.$501'.
     1/1: $191
Creating decoders for process `\ener_relay.core.$499'.
     1/1: $190
Creating decoders for process `\ener_relay.core.$497'.
     1/1: $189
Creating decoders for process `\ener_relay.core.$495'.
     1/1: $188
Creating decoders for process `\ener_relay.core.$493'.
     1/1: $187
Creating decoders for process `\ener_relay.core.$491'.
     1/1: $186
Creating decoders for process `\ener_relay.core.$489'.
     1/1: $185
Creating decoders for process `\ener_relay.core.$487'.
     1/1: $184
Creating decoders for process `\ener_relay.core.$485'.
     1/1: $183
Creating decoders for process `\ener_relay.core.$483'.
     1/1: $182
Creating decoders for process `\ener_relay.core.$481'.
     1/1: $181
Creating decoders for process `\ener_relay.core.$479'.
     1/1: $180
Creating decoders for process `\ener_relay.core.$477'.
     1/1: $179
Creating decoders for process `\ener_relay.core.$475'.
     1/1: $178
Creating decoders for process `\ener_relay.core.$473'.
     1/1: $177
Creating decoders for process `\ener_relay.core.$471'.
     1/1: $176
Creating decoders for process `\ener_relay.core.$469'.
     1/1: $175
Creating decoders for process `\ener_relay.core.$467'.
     1/1: $174
Creating decoders for process `\ener_relay.core.$465'.
     1/1: $173
Creating decoders for process `\ener_relay.core.$463'.
     1/1: $172
Creating decoders for process `\ener_relay.core.$461'.
     1/1: $171
Creating decoders for process `\ener_relay.core.$459'.
     1/1: $170
Creating decoders for process `\ener_relay.core.$457'.
     1/1: $169
Creating decoders for process `\ener_relay.core.$455'.
     1/1: $168
Creating decoders for process `\ener_relay.core.$453'.
     1/1: $167
Creating decoders for process `\ener_relay.core.$451'.
     1/1: $166
Creating decoders for process `\ener_relay.core.$449'.
     1/1: $165
Creating decoders for process `\ener_relay.core.$447'.
     1/1: $164
Creating decoders for process `\ener_relay.core.$445'.
     1/1: $163
Creating decoders for process `\ener_relay.core.$443'.
     1/1: $162
Creating decoders for process `\ener_relay.core.$441'.
     1/1: $161
Creating decoders for process `\ener_relay.core.$439'.
     1/1: $160
Creating decoders for process `\ener_relay.core.$437'.
     1/1: $159
Creating decoders for process `\ener_relay.core.$435'.
     1/1: $158
Creating decoders for process `\ener_relay.core.$433'.
     1/1: $157
Creating decoders for process `\ener_relay.core.$431'.
     1/1: $156
Creating decoders for process `\ener_relay.core.$429'.
     1/1: $155
Creating decoders for process `\ener_relay.core.$427'.
     1/1: $154
Creating decoders for process `\ener_relay.core.$425'.
     1/1: $153
Creating decoders for process `\ener_relay.core.$423'.
     1/1: $152
Creating decoders for process `\ener_relay.core.$421'.
     1/1: $151
Creating decoders for process `\ener_relay.core.$419'.
     1/1: $150
Creating decoders for process `\ener_relay.core.$417'.
     1/1: $149
Creating decoders for process `\ener_relay.core.$415'.
     1/1: $148
Creating decoders for process `\ener_relay.core.$413'.
     1/1: $147
Creating decoders for process `\ener_relay.core.$411'.
     1/1: $146
Creating decoders for process `\ener_relay.core.$409'.
     1/1: $145
Creating decoders for process `\ener_relay.core.$407'.
     1/1: $144
Creating decoders for process `\ener_relay.core.$405'.
     1/1: $143
Creating decoders for process `\ener_relay.core.$403'.
     1/1: $142
Creating decoders for process `\ener_relay.core.$401'.
     1/1: $141
Creating decoders for process `\ener_relay.core.$399'.
     1/1: $140
Creating decoders for process `\ener_relay.core.$397'.
     1/1: $139
Creating decoders for process `\ener_relay.core.$395'.
     1/1: $138
Creating decoders for process `\ener_relay.core.$393'.
     1/1: $137
Creating decoders for process `\ener_relay.core.$391'.
     1/1: $136
Creating decoders for process `\ener_relay.core.$389'.
     1/1: $135
Creating decoders for process `\ener_relay.core.$387'.
     1/1: $134
Creating decoders for process `\ener_relay.core.$385'.
     1/1: $133
Creating decoders for process `\ener_relay.core.$383'.
     1/1: $132
Creating decoders for process `\ener_relay.core.$381'.
     1/1: $131
Creating decoders for process `\ener_relay.core.$379'.
     1/1: $130
Creating decoders for process `\ener_relay.core.$377'.
     1/1: $129
Creating decoders for process `\ener_relay.core.$375'.
     1/1: $128
Creating decoders for process `\ener_relay.core.$373'.
     1/1: $127
Creating decoders for process `\ener_relay.core.$371'.
     1/1: $126
Creating decoders for process `\ener_relay.core.$369'.
     1/1: $125
Creating decoders for process `\ener_relay.core.$367'.
     1/1: $124
Creating decoders for process `\ener_relay.core.$365'.
     1/1: $123
Creating decoders for process `\ener_relay.core.$363'.
     1/1: $122
Creating decoders for process `\ener_relay.core.$361'.
     1/1: $121
Creating decoders for process `\ener_relay.core.$359'.
     1/1: $120
Creating decoders for process `\ener_relay.core.$357'.
     1/1: $119
Creating decoders for process `\ener_relay.core.$355'.
     1/1: $118
Creating decoders for process `\ener_relay.core.$353'.
     1/1: $117
Creating decoders for process `\ener_relay.core.$351'.
     1/1: $116
Creating decoders for process `\ener_relay.core.$349'.
     1/1: $115
Creating decoders for process `\ener_relay.core.$347'.
     1/1: $114
Creating decoders for process `\ener_relay.core.$345'.
     1/1: $113
Creating decoders for process `\ener_relay.core.$343'.
     1/1: $112
Creating decoders for process `\ener_relay.core.$341'.
     1/1: $111
Creating decoders for process `\ener_relay.core.$339'.
     1/1: $110
Creating decoders for process `\ener_relay.core.$337'.
     1/1: $109
Creating decoders for process `\ener_relay.core.$336'.
     1/1: \busy
Creating decoders for process `\ener_relay.core.$335'.
     1/1: \weight
Creating decoders for process `\ener_relay.core.$334'.
     1/1: \bin_number
Creating decoders for process `\ener_relay.core.$330'.
     1/1: $105
Creating decoders for process `\ener_relay.core.$328'.
     1/1: $103
Creating decoders for process `\ener_relay.core.$324'.
     1/1: $99
Creating decoders for process `\ener_relay.core.$321'.
     1/1: $96
Creating decoders for process `\ener_relay.core.$319'.
     1/1: $94
Creating decoders for process `\ener_relay.core.$314'.
     1/1: $89
Creating decoders for process `\ener_relay.core.$312'.
     1/1: $87
Creating decoders for process `\ener_relay.core.$263'.
     1/1: $38
Creating decoders for process `\ener_relay.core.$227'.
     1/1: $3
Creating decoders for process `\ener_relay.$143'.
     1/1: $60
Creating decoders for process `\ener_relay.$141'.
     1/1: $59
Creating decoders for process `\ener_relay.$139'.
     1/1: $58
Creating decoders for process `\ener_relay.$137'.
     1/1: $57
Creating decoders for process `\ener_relay.$135'.
     1/1: $56
Creating decoders for process `\ener_relay.$133'.
     1/1: $55
Creating decoders for process `\ener_relay.$131'.
     1/1: $54
Creating decoders for process `\ener_relay.$129'.
     1/1: $53
Creating decoders for process `\ener_relay.$127'.
     1/1: $52
Creating decoders for process `\ener_relay.$125'.
     1/1: $51
Creating decoders for process `\ener_relay.$123'.
     1/1: $50
Creating decoders for process `\ener_relay.$121'.
     1/1: $49
Creating decoders for process `\ener_relay.$119'.
     1/1: $48
Creating decoders for process `\ener_relay.$117'.
     1/1: $47
Creating decoders for process `\ener_relay.$115'.
     1/1: $46
Creating decoders for process `\ener_relay.$113'.
     1/1: $45
Creating decoders for process `\ener_relay.$111'.
     1/1: $44
Creating decoders for process `\ener_relay.$109'.
     1/1: $43
Creating decoders for process `\ener_relay.$107'.
     1/1: $42
Creating decoders for process `\ener_relay.$105'.
     1/1: $41
Creating decoders for process `\ener_relay.$103'.
     1/1: $40
Creating decoders for process `\ener_relay.$101'.
     1/1: $39

2.8. Executing PROC_DLATCH pass (convert process syncs to latches).

2.9. Executing PROC_DFF pass (convert process syncs to FFs).

2.10. Executing PROC_MEMWR pass (convert process memory writes to cells).

2.11. Executing PROC_CLEAN pass (remove empty switches from decision trees).
Found and cleaned up 6 empty switches in `\ener_relay.core.$565'.
Removing empty process `ener_relay.core.$565'.
Found and cleaned up 12 empty switches in `\ener_relay.core.$563'.
Removing empty process `ener_relay.core.$563'.
Found and cleaned up 12 empty switches in `\ener_relay.core.$561'.
Removing empty process `ener_relay.core.$561'.
Found and cleaned up 12 empty switches in `\ener_relay.core.$559'.
Removing empty process `ener_relay.core.$559'.
Found and cleaned up 12 empty switches in `\ener_relay.core.$557'.
Removing empty process `ener_relay.core.$557'.
Found and cleaned up 12 empty switches in `\ener_relay.core.$555'.
Removing empty process `ener_relay.core.$555'.
Found and cleaned up 12 empty switches in `\ener_relay.core.$553'.
Removing empty process `ener_relay.core.$553'.
Found and cleaned up 12 empty switches in `\ener_relay.core.$551'.
Removing empty process `ener_relay.core.$551'.
Found and cleaned up 12 empty switches in `\ener_relay.core.$549'.
Removing empty process `ener_relay.core.$549'.
Found and cleaned up 12 empty switches in `\ener_relay.core.$547'.
Removing empty process `ener_relay.core.$547'.
Found and cleaned up 12 empty switches in `\ener_relay.core.$545'.
Removing empty process `ener_relay.core.$545'.
Found and cleaned up 12 empty switches in `\ener_relay.core.$543'.
Removing empty process `ener_relay.core.$543'.
Found and cleaned up 12 empty switches in `\ener_relay.core.$541'.
Removing empty process `ener_relay.core.$541'.
Found and cleaned up 12 empty switches in `\ener_relay.core.$539'.
Removing empty process `ener_relay.core.$539'.
Found and cleaned up 12 empty switches in `\ener_relay.core.$537'.
Removing empty process `ener_relay.core.$537'.
Found and cleaned up 12 empty switches in `\ener_relay.core.$535'.
Removing empty process `ener_relay.core.$535'.
Found and cleaned up 12 empty switches in `\ener_relay.core.$533'.
Removing empty process `ener_relay.core.$533'.
Found and cleaned up 12 empty switches in `\ener_relay.core.$531'.
Removing empty process `ener_relay.core.$531'.
Found and cleaned up 12 empty switches in `\ener_relay.core.$529'.
Removing empty process `ener_relay.core.$529'.
Found and cleaned up 12 empty switches in `\ener_relay.core.$527'.
Removing empty process `ener_relay.core.$527'.
Found and cleaned up 12 empty switches in `\ener_relay.core.$525'.
Removing empty process `ener_relay.core.$525'.
Found and cleaned up 12 empty switches in `\ener_relay.core.$523'.
Removing empty process `ener_relay.core.$523'.
Found and cleaned up 12 empty switches in `\ener_relay.core.$521'.
Removing empty process `ener_relay.core.$521'.
Found and cleaned up 12 empty switches in `\ener_relay.core.$519'.
Removing empty process `ener_relay.core.$519'.
Found and cleaned up 12 empty switches in `\ener_relay.core.$517'.
Removing empty process `ener_relay.core.$517'.
Found and cleaned up 12 empty switches in `\ener_relay.core.$515'.
Removing empty process `ener_relay.core.$515'.
Found and cleaned up 12 empty switches in `\ener_relay.core.$513'.
Removing empty process `ener_relay.core.$513'.
Found and cleaned up 12 empty switches in `\ener_relay.core.$511'.
Removing empty process `ener_relay.core.$511'.
Found and cleaned up 12 empty switches in `\ener_relay.core.$509'.
Removing empty process `ener_relay.core.$509'.
Found and cleaned up 12 empty switches in `\ener_relay.core.$507'.
Removing empty process `ener_relay.core.$507'.
Found and cleaned up 12 empty switches in `\ener_relay.core.$505'.
Removing empty process `ener_relay.core.$505'.
Found and cleaned up 12 empty switches in `\ener_relay.core.$503'.
Removing empty process `ener_relay.core.$503'.
Found and cleaned up 12 empty switches in `\ener_relay.core.$501'.
Removing empty process `ener_relay.core.$501'.
Found and cleaned up 12 empty switches in `\ener_relay.core.$499'.
Removing empty process `ener_relay.core.$499'.
Found and cleaned up 12 empty switches in `\ener_relay.core.$497'.
Removing empty process `ener_relay.core.$497'.
Found and cleaned up 12 empty switches in `\ener_relay.core.$495'.
Removing empty process `ener_relay.core.$495'.
Found and cleaned up 12 empty switches in `\ener_relay.core.$493'.
Removing empty process `ener_relay.core.$493'.
Found and cleaned up 12 empty switches in `\ener_relay.core.$491'.
Removing empty process `ener_relay.core.$491'.
Found and cleaned up 12 empty switches in `\ener_relay.core.$489'.
Removing empty process `ener_relay.core.$489'.
Found and cleaned up 12 empty switches in `\ener_relay.core.$487'.
Removing empty process `ener_relay.core.$487'.
Found and cleaned up 12 empty switches in `\ener_relay.core.$485'.
Removing empty process `ener_relay.core.$485'.
Found and cleaned up 12 empty switches in `\ener_relay.core.$483'.
Removing empty process `ener_relay.core.$483'.
Found and cleaned up 12 empty switches in `\ener_relay.core.$481'.
Removing empty process `ener_relay.core.$481'.
Found and cleaned up 12 empty switches in `\ener_relay.core.$479'.
Removing empty process `ener_relay.core.$479'.
Found and cleaned up 12 empty switches in `\ener_relay.core.$477'.
Removing empty process `ener_relay.core.$477'.
Found and cleaned up 12 empty switches in `\ener_relay.core.$475'.
Removing empty process `ener_relay.core.$475'.
Found and cleaned up 12 empty switches in `\ener_relay.core.$473'.
Removing empty process `ener_relay.core.$473'.
Found and cleaned up 12 empty switches in `\ener_relay.core.$471'.
Removing empty process `ener_relay.core.$471'.
Found and cleaned up 12 empty switches in `\ener_relay.core.$469'.
Removing empty process `ener_relay.core.$469'.
Found and cleaned up 12 empty switches in `\ener_relay.core.$467'.
Removing empty process `ener_relay.core.$467'.
Found and cleaned up 12 empty switches in `\ener_relay.core.$465'.
Removing empty process `ener_relay.core.$465'.
Found and cleaned up 12 empty switches in `\ener_relay.core.$463'.
Removing empty process `ener_relay.core.$463'.
Found and cleaned up 12 empty switches in `\ener_relay.core.$461'.
Removing empty process `ener_relay.core.$461'.
Found and cleaned up 12 empty switches in `\ener_relay.core.$459'.
Removing empty process `ener_relay.core.$459'.
Found and cleaned up 12 empty switches in `\ener_relay.core.$457'.
Removing empty process `ener_relay.core.$457'.
Found and cleaned up 12 empty switches in `\ener_relay.core.$455'.
Removing empty process `ener_relay.core.$455'.
Found and cleaned up 12 empty switches in `\ener_relay.core.$453'.
Removing empty process `ener_relay.core.$453'.
Found and cleaned up 12 empty switches in `\ener_relay.core.$451'.
Removing empty process `ener_relay.core.$451'.
Found and cleaned up 12 empty switches in `\ener_relay.core.$449'.
Removing empty process `ener_relay.core.$449'.
Found and cleaned up 12 empty switches in `\ener_relay.core.$447'.
Removing empty process `ener_relay.core.$447'.
Found and cleaned up 12 empty switches in `\ener_relay.core.$445'.
Removing empty process `ener_relay.core.$445'.
Found and cleaned up 12 empty switches in `\ener_relay.core.$443'.
Removing empty process `ener_relay.core.$443'.
Found and cleaned up 12 empty switches in `\ener_relay.core.$441'.
Removing empty process `ener_relay.core.$441'.
Found and cleaned up 12 empty switches in `\ener_relay.core.$439'.
Removing empty process `ener_relay.core.$439'.
Found and cleaned up 12 empty switches in `\ener_relay.core.$437'.
Removing empty process `ener_relay.core.$437'.
Found and cleaned up 7 empty switches in `\ener_relay.core.$435'.
Removing empty process `ener_relay.core.$435'.
Found and cleaned up 7 empty switches in `\ener_relay.core.$433'.
Removing empty process `ener_relay.core.$433'.
Found and cleaned up 6 empty switches in `\ener_relay.core.$431'.
Removing empty process `ener_relay.core.$431'.
Found and cleaned up 6 empty switches in `\ener_relay.core.$429'.
Removing empty process `ener_relay.core.$429'.
Found and cleaned up 6 empty switches in `\ener_relay.core.$427'.
Removing empty process `ener_relay.core.$427'.
Found and cleaned up 6 empty switches in `\ener_relay.core.$425'.
Removing empty process `ener_relay.core.$425'.
Found and cleaned up 12 empty switches in `\ener_relay.core.$423'.
Removing empty process `ener_relay.core.$423'.
Found and cleaned up 11 empty switches in `\ener_relay.core.$421'.
Removing empty process `ener_relay.core.$421'.
Found and cleaned up 11 empty switches in `\ener_relay.core.$419'.
Removing empty process `ener_relay.core.$419'.
Found and cleaned up 11 empty switches in `\ener_relay.core.$417'.
Removing empty process `ener_relay.core.$417'.
Found and cleaned up 11 empty switches in `\ener_relay.core.$415'.
Removing empty process `ener_relay.core.$415'.
Found and cleaned up 11 empty switches in `\ener_relay.core.$413'.
Removing empty process `ener_relay.core.$413'.
Found and cleaned up 11 empty switches in `\ener_relay.core.$411'.
Removing empty process `ener_relay.core.$411'.
Found and cleaned up 11 empty switches in `\ener_relay.core.$409'.
Removing empty process `ener_relay.core.$409'.
Found and cleaned up 11 empty switches in `\ener_relay.core.$407'.
Removing empty process `ener_relay.core.$407'.
Found and cleaned up 11 empty switches in `\ener_relay.core.$405'.
Removing empty process `ener_relay.core.$405'.
Found and cleaned up 11 empty switches in `\ener_relay.core.$403'.
Removing empty process `ener_relay.core.$403'.
Found and cleaned up 11 empty switches in `\ener_relay.core.$401'.
Removing empty process `ener_relay.core.$401'.
Found and cleaned up 11 empty switches in `\ener_relay.core.$399'.
Removing empty process `ener_relay.core.$399'.
Found and cleaned up 11 empty switches in `\ener_relay.core.$397'.
Removing empty process `ener_relay.core.$397'.
Found and cleaned up 11 empty switches in `\ener_relay.core.$395'.
Removing empty process `ener_relay.core.$395'.
Found and cleaned up 11 empty switches in `\ener_relay.core.$393'.
Removing empty process `ener_relay.core.$393'.
Found and cleaned up 11 empty switches in `\ener_relay.core.$391'.
Removing empty process `ener_relay.core.$391'.
Found and cleaned up 11 empty switches in `\ener_relay.core.$389'.
Removing empty process `ener_relay.core.$389'.
Found and cleaned up 11 empty switches in `\ener_relay.core.$387'.
Removing empty process `ener_relay.core.$387'.
Found and cleaned up 11 empty switches in `\ener_relay.core.$385'.
Removing empty process `ener_relay.core.$385'.
Found and cleaned up 11 empty switches in `\ener_relay.core.$383'.
Removing empty process `ener_relay.core.$383'.
Found and cleaned up 11 empty switches in `\ener_relay.core.$381'.
Removing empty process `ener_relay.core.$381'.
Found and cleaned up 11 empty switches in `\ener_relay.core.$379'.
Removing empty process `ener_relay.core.$379'.
Found and cleaned up 11 empty switches in `\ener_relay.core.$377'.
Removing empty process `ener_relay.core.$377'.
Found and cleaned up 11 empty switches in `\ener_relay.core.$375'.
Removing empty process `ener_relay.core.$375'.
Found and cleaned up 11 empty switches in `\ener_relay.core.$373'.
Removing empty process `ener_relay.core.$373'.
Found and cleaned up 11 empty switches in `\ener_relay.core.$371'.
Removing empty process `ener_relay.core.$371'.
Found and cleaned up 11 empty switches in `\ener_relay.core.$369'.
Removing empty process `ener_relay.core.$369'.
Found and cleaned up 11 empty switches in `\ener_relay.core.$367'.
Removing empty process `ener_relay.core.$367'.
Found and cleaned up 11 empty switches in `\ener_relay.core.$365'.
Removing empty process `ener_relay.core.$365'.
Found and cleaned up 11 empty switches in `\ener_relay.core.$363'.
Removing empty process `ener_relay.core.$363'.
Found and cleaned up 11 empty switches in `\ener_relay.core.$361'.
Removing empty process `ener_relay.core.$361'.
Found and cleaned up 11 empty switches in `\ener_relay.core.$359'.
Removing empty process `ener_relay.core.$359'.
Found and cleaned up 7 empty switches in `\ener_relay.core.$357'.
Removing empty process `ener_relay.core.$357'.
Found and cleaned up 7 empty switches in `\ener_relay.core.$355'.
Removing empty process `ener_relay.core.$355'.
Found and cleaned up 7 empty switches in `\ener_relay.core.$353'.
Removing empty process `ener_relay.core.$353'.
Found and cleaned up 7 empty switches in `\ener_relay.core.$351'.
Removing empty process `ener_relay.core.$351'.
Found and cleaned up 7 empty switches in `\ener_relay.core.$349'.
Removing empty process `ener_relay.core.$349'.
Found and cleaned up 6 empty switches in `\ener_relay.core.$347'.
Removing empty process `ener_relay.core.$347'.
Found and cleaned up 6 empty switches in `\ener_relay.core.$345'.
Removing empty process `ener_relay.core.$345'.
Found and cleaned up 11 empty switches in `\ener_relay.core.$343'.
Removing empty process `ener_relay.core.$343'.
Found and cleaned up 10 empty switches in `\ener_relay.core.$341'.
Removing empty process `ener_relay.core.$341'.
Found and cleaned up 9 empty switches in `\ener_relay.core.$339'.
Removing empty process `ener_relay.core.$339'.
Found and cleaned up 14 empty switches in `\ener_relay.core.$337'.
Removing empty process `ener_relay.core.$337'.
Found and cleaned up 1 empty switch in `\ener_relay.core.$336'.
Removing empty process `ener_relay.core.$336'.
Found and cleaned up 1 empty switch in `\ener_relay.core.$335'.
Removing empty process `ener_relay.core.$335'.
Found and cleaned up 7 empty switches in `\ener_relay.core.$334'.
Removing empty process `ener_relay.core.$334'.
Found and cleaned up 1 empty switch in `\ener_relay.core.$330'.
Removing empty process `ener_relay.core.$330'.
Found and cleaned up 1 empty switch in `\ener_relay.core.$328'.
Removing empty process `ener_relay.core.$328'.
Found and cleaned up 1 empty switch in `\ener_relay.core.$324'.
Removing empty process `ener_relay.core.$324'.
Found and cleaned up 1 empty switch in `\ener_relay.core.$321'.
Removing empty process `ener_relay.core.$321'.
Found and cleaned up 1 empty switch in `\ener_relay.core.$319'.
Removing empty process `ener_relay.core.$319'.
Found and cleaned up 1 empty switch in `\ener_relay.core.$314'.
Removing empty process `ener_relay.core.$314'.
Found and cleaned up 1 empty switch in `\ener_relay.core.$312'.
Removing empty process `ener_relay.core.$312'.
Found and cleaned up 1 empty switch in `\ener_relay.core.$263'.
Removing empty process `ener_relay.core.$263'.
Found and cleaned up 1 empty switch in `\ener_relay.core.$227'.
Removing empty process `ener_relay.core.$227'.
Found and cleaned up 4 empty switches in `\ener_relay.$143'.
Removing empty process `ener_relay.$143'.
Found and cleaned up 2 empty switches in `\ener_relay.$141'.
Removing empty process `ener_relay.$141'.
Found and cleaned up 2 empty switches in `\ener_relay.$139'.
Removing empty process `ener_relay.$139'.
Found and cleaned up 4 empty switches in `\ener_relay.$137'.
Removing empty process `ener_relay.$137'.
Found and cleaned up 2 empty switches in `\ener_relay.$135'.
Removing empty process `ener_relay.$135'.
Found and cleaned up 2 empty switches in `\ener_relay.$133'.
Removing empty process `ener_relay.$133'.
Found and cleaned up 5 empty switches in `\ener_relay.$131'.
Removing empty process `ener_relay.$131'.
Found and cleaned up 3 empty switches in `\ener_relay.$129'.
Removing empty process `ener_relay.$129'.
Found and cleaned up 3 empty switches in `\ener_relay.$127'.
Removing empty process `ener_relay.$127'.
Found and cleaned up 3 empty switches in `\ener_relay.$125'.
Removing empty process `ener_relay.$125'.
Found and cleaned up 3 empty switches in `\ener_relay.$123'.
Removing empty process `ener_relay.$123'.
Found and cleaned up 3 empty switches in `\ener_relay.$121'.
Removing empty process `ener_relay.$121'.
Found and cleaned up 3 empty switches in `\ener_relay.$119'.
Removing empty process `ener_relay.$119'.
Found and cleaned up 3 empty switches in `\ener_relay.$117'.
Removing empty process `ener_relay.$117'.
Found and cleaned up 3 empty switches in `\ener_relay.$115'.
Removing empty process `ener_relay.$115'.
Found and cleaned up 5 empty switches in `\ener_relay.$113'.
Removing empty process `ener_relay.$113'.
Found and cleaned up 3 empty switches in `\ener_relay.$111'.
Removing empty process `ener_relay.$111'.
Found and cleaned up 3 empty switches in `\ener_relay.$109'.
Removing empty process `ener_relay.$109'.
Found and cleaned up 3 empty switches in `\ener_relay.$107'.
Removing empty process `ener_relay.$107'.
Found and cleaned up 3 empty switches in `\ener_relay.$105'.
Removing empty process `ener_relay.$105'.
Found and cleaned up 1 empty switch in `\ener_relay.$103'.
Removing empty process `ener_relay.$103'.
Found and cleaned up 1 empty switch in `\ener_relay.$101'.
Removing empty process `ener_relay.$101'.
Cleaned up 1349 empty switches.

2.12. Executing OPT_EXPR pass (perform const folding).
Optimizing module ener_relay.si_sync.
Optimizing module ener_relay.cs_sync.
Optimizing module ener_relay.sck_sync.
Optimizing module ener_relay.core.
<suppressed ~100 debug messages>
Optimizing module ener_relay.reset_sync.
Optimizing module ener_relay.
<suppressed ~6 debug messages>

3. Executing Verilog backend.

3.1. Executing BMUXMAP pass.

3.2. Executing DEMUXMAP pass.
Dumping module `\ener_relay'.
Dumping module `\ener_relay.core'.
Dumping module `\ener_relay.cs_sync'.
Dumping module `\ener_relay.reset_sync'.
Dumping module `\ener_relay.sck_sync'.
Dumping module `\ener_relay.si_sync'.

4. Executing SYNTH_ICE40 pass.

4.1. Executing Verilog-2005 frontend: /share/ice40/cells_sim.v
Parsing Verilog input from `/share/ice40/cells_sim.v' to AST representation.
Generating RTLIL representation for module `\SB_IO'.
Generating RTLIL representation for module `\SB_GB_IO'.
Generating RTLIL representation for module `\SB_GB'.
Generating RTLIL representation for module `\SB_LUT4'.
Generating RTLIL representation for module `\SB_CARRY'.
Generating RTLIL representation for module `\SB_DFF'.
Generating RTLIL representation for module `\SB_DFFE'.
Generating RTLIL representation for module `\SB_DFFSR'.
Generating RTLIL representation for module `\SB_DFFR'.
Generating RTLIL representation for module `\SB_DFFSS'.
Generating RTLIL representation for module `\SB_DFFS'.
Generating RTLIL representation for module `\SB_DFFESR'.
Generating RTLIL representation for module `\SB_DFFER'.
Generating RTLIL representation for module `\SB_DFFESS'.
Generating RTLIL representation for module `\SB_DFFES'.
Generating RTLIL representation for module `\SB_DFFN'.
Generating RTLIL representation for module `\SB_DFFNE'.
Generating RTLIL representation for module `\SB_DFFNSR'.
Generating RTLIL representation for module `\SB_DFFNR'.
Generating RTLIL representation for module `\SB_DFFNSS'.
Generating RTLIL representation for module `\SB_DFFNS'.
Generating RTLIL representation for module `\SB_DFFNESR'.
Generating RTLIL representation for module `\SB_DFFNER'.
Generating RTLIL representation for module `\SB_DFFNESS'.
Generating RTLIL representation for module `\SB_DFFNES'.
Generating RTLIL representation for module `\SB_RAM40_4K'.
Generating RTLIL representation for module `\SB_RAM40_4KNR'.
Generating RTLIL representation for module `\SB_RAM40_4KNW'.
Generating RTLIL representation for module `\SB_RAM40_4KNRNW'.
Generating RTLIL representation for module `\ICESTORM_LC'.
Generating RTLIL representation for module `\SB_PLL40_CORE'.
Generating RTLIL representation for module `\SB_PLL40_PAD'.
Generating RTLIL representation for module `\SB_PLL40_2_PAD'.
Generating RTLIL representation for module `\SB_PLL40_2F_CORE'.
Generating RTLIL representation for module `\SB_PLL40_2F_PAD'.
Generating RTLIL representation for module `\SB_WARMBOOT'.
Generating RTLIL representation for module `\SB_SPRAM256KA'.
Generating RTLIL representation for module `\SB_HFOSC'.
Generating RTLIL representation for module `\SB_LFOSC'.
Generating RTLIL representation for module `\SB_RGBA_DRV'.
Generating RTLIL representation for module `\SB_LED_DRV_CUR'.
Generating RTLIL representation for module `\SB_RGB_DRV'.
Generating RTLIL representation for module `\SB_I2C'.
Generating RTLIL representation for module `\SB_SPI'.
Generating RTLIL representation for module `\SB_LEDDA_IP'.
Generating RTLIL representation for module `\SB_FILTER_50NS'.
Generating RTLIL representation for module `\SB_IO_I3C'.
Generating RTLIL representation for module `\SB_IO_OD'.
Generating RTLIL representation for module `\SB_MAC16'.
Generating RTLIL representation for module `\ICESTORM_RAM'.
Successfully finished Verilog frontend.

4.2. Executing HIERARCHY pass (managing design hierarchy).

4.2.1. Analyzing design hierarchy..
Top module:  \ener_relay
Used module:     \ener_relay.core
Used module:     \ener_relay.cs_sync
Used module:     \ener_relay.reset_sync
Used module:     \ener_relay.sck_sync
Used module:     \ener_relay.si_sync

4.2.2. Analyzing design hierarchy..
Top module:  \ener_relay
Used module:     \ener_relay.core
Used module:     \ener_relay.cs_sync
Used module:     \ener_relay.reset_sync
Used module:     \ener_relay.sck_sync
Used module:     \ener_relay.si_sync
Removed 0 unused modules.

4.3. Executing PROC pass (convert processes to netlists).

4.3.1. Executing PROC_CLEAN pass (remove empty switches from decision trees).
Cleaned up 0 empty switches.

4.3.2. Executing PROC_RMDEAD pass (remove dead branches from decision trees).
Removed a total of 0 dead cases.

4.3.3. Executing PROC_PRUNE pass (remove redundant assignments in processes).
Removed 0 redundant assignments.
Promoted 0 assignments to connections.

4.3.4. Executing PROC_INIT pass (extract init attributes).

4.3.5. Executing PROC_ARST pass (detect async resets in processes).

4.3.6. Executing PROC_ROM pass (convert switches to ROMs).
Converted 0 switches.

4.3.7. Executing PROC_MUX pass (convert decision trees to multiplexers).

4.3.8. Executing PROC_DLATCH pass (convert process syncs to latches).

4.3.9. Executing PROC_DFF pass (convert process syncs to FFs).

4.3.10. Executing PROC_MEMWR pass (convert process memory writes to cells).

4.3.11. Executing PROC_CLEAN pass (remove empty switches from decision trees).
Cleaned up 0 empty switches.

4.3.12. Executing OPT_EXPR pass (perform const folding).
Optimizing module ener_relay.
Optimizing module ener_relay.core.
Optimizing module ener_relay.cs_sync.
Optimizing module ener_relay.reset_sync.
Optimizing module ener_relay.sck_sync.
Optimizing module ener_relay.si_sync.

4.4. Executing CHECK pass (checking for obvious problems).
Checking module ener_relay...
Checking module ener_relay.core...
Checking module ener_relay.cs_sync...
Checking module ener_relay.reset_sync...
Checking module ener_relay.sck_sync...
Checking module ener_relay.si_sync...
Found and reported 0 problems.

4.5. Executing FLATTEN pass (flatten design).
Deleting now unused module ener_relay.core.
Deleting now unused module ener_relay.cs_sync.
Deleting now unused module ener_relay.reset_sync.
Deleting now unused module ener_relay.sck_sync.
Deleting now unused module ener_relay.si_sync.
<suppressed ~5 debug messages>

4.6. Executing TRIBUF pass.

4.7. Executing DEMINOUT pass (demote inout ports to input or output).

4.8. Executing OPT_EXPR pass (perform const folding).
Optimizing module ener_relay.

4.9. Executing OPT_CLEAN pass (remove unused cells and wires).
Finding unused cells or wires in module \ener_relay..
Removed 5 unused cells and 1102 unused wires.
<suppressed ~6 debug messages>

4.10. Executing CHECK pass (checking for obvious problems).
Checking module ener_relay...
Found and reported 0 problems.

4.11. Executing OPT pass (performing simple optimizations).

4.11.1. Executing OPT_EXPR pass (perform const folding).
Optimizing module ener_relay.

4.11.2. Executing OPT_MERGE pass (detect identical cells).
Finding identical cells in module `\ener_relay'.
Computing hashes of 2603 cells of `\ener_relay'.
Finding duplicate cells in `\ener_relay'.
Computing hashes of 1904 cells of `\ener_relay'.
Finding duplicate cells in `\ener_relay'.
Computing hashes of 1901 cells of `\ener_relay'.
Finding duplicate cells in `\ener_relay'.
<suppressed ~2106 debug messages>
Removed a total of 702 cells.

4.11.3. Executing OPT_MUXTREE pass (detect dead branches in mux trees).
Running muxtree optimizer on module \ener_relay..
  Creating internal representation of mux trees.
  Evaluating internal representation of mux trees.
      Replacing known input bits on port A of cell $flatten\core.$procmux$2696: \core.active -> 1'0
      Replacing known input bits on port A of cell $procmux$3265: \response_busy -> 1'0
      Replacing known input bits on port A of cell $procmux$3263: \response_busy -> 1'1
  Analyzing evaluation results.
Removed 0 multiplexer ports.
<suppressed ~1531 debug messages>

4.11.4. Executing OPT_REDUCE pass (consolidate $*mux and $reduce_* inputs).
  Optimizing cells in module \ener_relay.
    New ctrl vector for $pmux cell $flatten\core.$procmux$2857: $auto$opt_reduce.cc:137:opt_pmux$3766
    New ctrl vector for $pmux cell $flatten\core.$procmux$2799: { $flatten\core.$procmux$2800_CTRL $auto$opt_reduce.cc:137:opt_pmux$3768 $flatten\core.$procmux$2843_CMP $flatten\core.$procmux$2849_CMP }
    New ctrl vector for $pmux cell $flatten\core.$procmux$2774: { $auto$opt_reduce.cc:137:opt_pmux$3770 $flatten\core.$procmux$2843_CMP $flatten\core.$procmux$2805_CMP }
  Optimizing cells in module \ener_relay.
Performed a total of 4 changes.

4.11.5. Executing OPT_MERGE pass (detect identical cells).
Finding identical cells in module `\ener_relay'.
Computing hashes of 1903 cells of `\ener_relay'.
Finding duplicate cells in `\ener_relay'.
Computing hashes of 1884 cells of `\ener_relay'.
Finding duplicate cells in `\ener_relay'.
<suppressed ~57 debug messages>
Removed a total of 19 cells.

4.11.6. Executing OPT_DFF pass (perform DFF optimizations).

4.11.7. Executing OPT_CLEAN pass (remove unused cells and wires).
Finding unused cells or wires in module \ener_relay..
Removed 0 unused cells and 719 unused wires.
<suppressed ~1 debug messages>

4.11.8. Executing OPT_EXPR pass (perform const folding).
Optimizing module ener_relay.

4.11.9. Rerunning OPT passes. (Maybe there is more to do..)

4.11.10. Executing OPT_MUXTREE pass (detect dead branches in mux trees).
Running muxtree optimizer on module \ener_relay..
  Creating internal representation of mux trees.
  Evaluating internal representation of mux trees.
  Analyzing evaluation results.
Removed 0 multiplexer ports.
<suppressed ~1557 debug messages>

4.11.11. Executing OPT_REDUCE pass (consolidate $*mux and $reduce_* inputs).
  Optimizing cells in module \ener_relay.
Performed a total of 0 changes.

4.11.12. Executing OPT_MERGE pass (detect identical cells).
Finding identical cells in module `\ener_relay'.
Computing hashes of 1884 cells of `\ener_relay'.
Finding duplicate cells in `\ener_relay'.
Removed a total of 0 cells.

4.11.13. Executing OPT_DFF pass (perform DFF optimizations).

4.11.14. Executing OPT_CLEAN pass (remove unused cells and wires).
Finding unused cells or wires in module \ener_relay..

4.11.15. Executing OPT_EXPR pass (perform const folding).
Optimizing module ener_relay.

4.11.16. Finished fast OPT passes. (There is nothing left to do.)

4.12. Executing FSM pass (extract and optimize FSM).

4.12.1. Executing FSM_DETECT pass (finding FSMs in design).
Not marking ener_relay.core.fsm_state as FSM state register:
    Register has an initialization value.

4.12.2. Executing FSM_EXTRACT pass (extracting FSM from design).

4.12.3. Executing FSM_OPT pass (simple optimizations of FSMs).

4.12.4. Executing OPT_CLEAN pass (remove unused cells and wires).
Finding unused cells or wires in module \ener_relay..

4.12.5. Executing FSM_OPT pass (simple optimizations of FSMs).

4.12.6. Executing FSM_RECODE pass (re-assigning FSM state encoding).

4.12.7. Executing FSM_INFO pass (dumping all available information on FSM cells).

4.12.8. Executing FSM_MAP pass (mapping FSMs to basic logic).

4.13. Executing OPT pass (performing simple optimizations).

4.13.1. Executing OPT_EXPR pass (perform const folding).
Optimizing module ener_relay.

4.13.2. Executing OPT_MERGE pass (detect identical cells).
Finding identical cells in module `\ener_relay'.
Computing hashes of 1884 cells of `\ener_relay'.
Finding duplicate cells in `\ener_relay'.
Removed a total of 0 cells.

4.13.3. Executing OPT_MUXTREE pass (detect dead branches in mux trees).
Running muxtree optimizer on module \ener_relay..
  Creating internal representation of mux trees.
  Evaluating internal representation of mux trees.
  Analyzing evaluation results.
Removed 0 multiplexer ports.
<suppressed ~1557 debug messages>

4.13.4. Executing OPT_REDUCE pass (consolidate $*mux and $reduce_* inputs).
  Optimizing cells in module \ener_relay.
Performed a total of 0 changes.

4.13.5. Executing OPT_MERGE pass (detect identical cells).
Finding identical cells in module `\ener_relay'.
Computing hashes of 1884 cells of `\ener_relay'.
Finding duplicate cells in `\ener_relay'.
Removed a total of 0 cells.

4.13.6. Executing OPT_DFF pass (perform DFF optimizations).
Adding SRST signal on $144 ($dff) from module ener_relay (D = $procmux$3245_Y, Q = \reply_word, rval = 64'0000000000000000000000000000000000000000000000000000000000000000).
Adding EN signal on $auto$ff.cc:337:slice$3771 ($sdff) from module ener_relay (D = { \$signal$36 \response_crc }, Q = \reply_word).
Adding SRST signal on $142 ($dff) from module ener_relay (D = $procmux$3251_Y, Q = \response_count, rval = 6'000000).
Adding EN signal on $auto$ff.cc:337:slice$3779 ($sdff) from module ener_relay (D = $37 [5:0], Q = \response_count).
Adding SRST signal on $140 ($dff) from module ener_relay (D = $procmux$3257_Y, Q = \response_crc, rval = 8'00000000).
Adding EN signal on $auto$ff.cc:337:slice$3783 ($sdff) from module ener_relay (D = $35 [7:0], Q = \response_crc).
Adding SRST signal on $138 ($dff) from module ener_relay (D = $procmux$3267_Y, Q = \response_busy, rval = 1'0).
Adding SRST signal on $136 ($dff) from module ener_relay (D = $procmux$3275_Y [49:0], Q = \body_shift [49:0], rval = 50'00000000000000000000000000000000000000000000000000).
Adding SRST signal on $136 ($dff) from module ener_relay (D = $procmux$3273_Y [55:50], Q = \body_shift [55:50], rval = 6'000000).
Adding EN signal on $auto$ff.cc:337:slice$3791 ($sdff) from module ener_relay (D = \body_shift [54:49], Q = \body_shift [55:50]).
Adding EN signal on $auto$ff.cc:337:slice$3790 ($sdff) from module ener_relay (D = $procmux$3275_Y [49:0], Q = \body_shift [49:0]).
Adding SRST signal on $134 ($dff) from module ener_relay (D = $procmux$3279_Y, Q = \$signal$36, rval = 56'00000000000000000000000000000000000000000000000000000000).
Adding EN signal on $auto$ff.cc:337:slice$3798 ($sdff) from module ener_relay (D = { 6'000000 \core.done \core.active \$signal$32 \saved_seq \$signal$33 \core.payload \core.errors }, Q = \$signal$36).
Adding SRST signal on $132 ($dff) from module ener_relay (D = $procmux$3285_Y, Q = \pending, rval = 1'0).
Adding EN signal on $auto$ff.cc:337:slice$3800 ($sdff) from module ener_relay (D = 1'1, Q = \pending).
Adding SRST signal on $130 ($dff) from module ener_relay (D = $procmux$3295_Y, Q = \saved_seq, rval = 8'00000000).
Adding EN signal on $auto$ff.cc:337:slice$3806 ($sdff) from module ener_relay (D = \packet [15:8], Q = \saved_seq).
Adding SRST signal on $128 ($dff) from module ener_relay (D = $procmux$3301_Y, Q = \$signal$33, rval = 8'00000000).
Adding EN signal on $auto$ff.cc:337:slice$3810 ($sdff) from module ener_relay (D = \packet [55:48], Q = \$signal$33).
Adding SRST signal on $126 ($dff) from module ener_relay (D = $procmux$3307_Y, Q = \$signal$32, rval = 8'00000000).
Adding EN signal on $auto$ff.cc:337:slice$3814 ($sdff) from module ener_relay (D = \packet [63:56], Q = \$signal$32).
Adding SRST signal on $124 ($dff) from module ener_relay (D = $procmux$3313_Y, Q = \amplitude, rval = 16'0000000000000000).
Adding EN signal on $auto$ff.cc:337:slice$3818 ($sdff) from module ener_relay (D = \packet [31:16], Q = \amplitude).
Adding SRST signal on $122 ($dff) from module ener_relay (D = $procmux$3319_Y, Q = \timestamp, rval = 16'0000000000000000).
Adding EN signal on $auto$ff.cc:337:slice$3822 ($sdff) from module ener_relay (D = \packet [47:32], Q = \timestamp).
Adding SRST signal on $120 ($dff) from module ener_relay (D = $procmux$3325_Y, Q = \arg, rval = 8'00000000).
Adding EN signal on $auto$ff.cc:337:slice$3826 ($sdff) from module ener_relay (D = \packet [55:48], Q = \arg).
Adding SRST signal on $118 ($dff) from module ener_relay (D = $procmux$3331_Y, Q = \op, rval = 8'00000000).
Adding EN signal on $auto$ff.cc:337:slice$3830 ($sdff) from module ener_relay (D = \packet [63:56], Q = \op).
Adding SRST signal on $116 ($dff) from module ener_relay (D = $procmux$3337_Y [63:1], Q = \$signal$15 [63:1], rval = 63'000000000000000000000000000000000000000000000000000000000000000).
Adding SRST signal on $116 ($dff) from module ener_relay (D = $procmux$3335_Y [0], Q = \$signal$15 [0], rval = 1'0).
Adding EN signal on $auto$ff.cc:337:slice$3835 ($sdff) from module ener_relay (D = \reply_word [0], Q = \$signal$15 [0]).
Adding EN signal on $auto$ff.cc:337:slice$3834 ($sdff) from module ener_relay (D = $procmux$3337_Y [63:1], Q = \$signal$15 [63:1]).
Adding SRST signal on $114 ($dff) from module ener_relay (D = $procmux$3345_Y, Q = \bit_count, rval = 7'0000000).
Adding SRST signal on $112 ($dff) from module ener_relay (D = $procmux$3353_Y, Q = \crc, rval = 8'00000000).
Adding EN signal on $auto$ff.cc:337:slice$3845 ($sdff) from module ener_relay (D = $procmux$3353_Y, Q = \crc).
Adding SRST signal on $110 ($dff) from module ener_relay (D = $procmux$3359_Y, Q = \packet, rval = 64'0000000000000000000000000000000000000000000000000000000000000000).
Adding EN signal on $auto$ff.cc:337:slice$3849 ($sdff) from module ener_relay (D = $procmux$3359_Y, Q = \packet).
Adding SRST signal on $108 ($dff) from module ener_relay (D = $procmux$3364_Y, Q = \link_fault, rval = 1'0).
Adding SRST signal on $106 ($dff) from module ener_relay (D = $procmux$3370_Y, Q = \valid, rval = 1'0).
Adding SRST signal on $104 ($dff) from module ener_relay (D = \cs_sync.stage2, Q = \old_cs, rval = 1'1).
Adding SRST signal on $102 ($dff) from module ener_relay (D = \sck_sync.stage2, Q = \$signal$21, rval = 1'0).
Adding SRST signal on $flatten\core.$338 ($dff) from module ener_relay (D = $flatten\core.$procmux$2821_Y, Q = \core.reply, rval = 1'0).
Adding SRST signal on $flatten\core.$340 ($dff) from module ener_relay (D = $flatten\core.$procmux$2813_Y, Q = \core.frame_bad, rval = 1'0).
Adding SRST signal on $flatten\core.$342 ($dff) from module ener_relay (D = $flatten\core.$procmux$2787_Y, Q = \core.done, rval = 1'0).
Adding SRST signal on $flatten\core.$344 ($dff) from module ener_relay (D = $flatten\core.$procmux$2762_Y, Q = \core.errors, rval = 8'00000000).
Adding EN signal on $auto$ff.cc:337:slice$3874 ($sdff) from module ener_relay (D = $flatten\core.$procmux$2762_Y [2], Q = \core.errors [2]).
Adding EN signal on $auto$ff.cc:337:slice$3874 ($sdff) from module ener_relay (D = { $flatten\core.$procmux$2762_Y [7] $flatten\core.$procmux$2762_Y [0] }, Q = { \core.errors [7] \core.errors [0] }).
Adding EN signal on $auto$ff.cc:337:slice$3874 ($sdff) from module ener_relay (D = $flatten\core.$procmux$2762_Y [6], Q = \core.errors [6]).
Adding EN signal on $auto$ff.cc:337:slice$3874 ($sdff) from module ener_relay (D = $flatten\core.$procmux$2762_Y [5], Q = \core.errors [5]).
Adding EN signal on $auto$ff.cc:337:slice$3874 ($sdff) from module ener_relay (D = $flatten\core.$procmux$2762_Y [4], Q = \core.errors [4]).
Adding EN signal on $auto$ff.cc:337:slice$3874 ($sdff) from module ener_relay (D = $flatten\core.$procmux$2762_Y [3], Q = \core.errors [3]).
Adding EN signal on $auto$ff.cc:337:slice$3874 ($sdff) from module ener_relay (D = $flatten\core.$procmux$2762_Y [1], Q = \core.errors [1]).
Adding SRST signal on $flatten\core.$346 ($dff) from module ener_relay (D = $flatten\core.$procmux$2730_Y, Q = \core.payload, rval = 16'0000000000000000).
Adding EN signal on $auto$ff.cc:337:slice$3970 ($sdff) from module ener_relay (D = $flatten\core.$procmux$2725_Y, Q = \core.payload).
Adding SRST signal on $flatten\core.$348 ($dff) from module ener_relay (D = $flatten\core.$procmux$2717_Y, Q = \core.mode, rval = 1'0).
Adding EN signal on $auto$ff.cc:337:slice$3976 ($sdff) from module ener_relay (D = \arg [0], Q = \core.mode).
Adding SRST signal on $flatten\core.$350 ($dff) from module ener_relay (D = $flatten\core.$procmux$2705_Y, Q = \core.active, rval = 1'0).
Adding EN signal on $auto$ff.cc:337:slice$3982 ($sdff) from module ener_relay (D = $flatten\core.$procmux$2698_Y, Q = \core.active).
Adding SRST signal on $flatten\core.$352 ($dff) from module ener_relay (D = $flatten\core.$procmux$2683_Y, Q = \core.clear_index, rval = 6'000000).
Adding EN signal on $auto$ff.cc:337:slice$3992 ($sdff) from module ener_relay (D = $flatten\core.$procmux$2683_Y, Q = \core.clear_index).
Adding SRST signal on $flatten\core.$354 ($dff) from module ener_relay (D = $flatten\core.$procmux$2674_Y, Q = \core.previous, rval = 16'0000000000000000).
Adding EN signal on $auto$ff.cc:337:slice$4008 ($sdff) from module ener_relay (D = $flatten\core.$procmux$2667_Y, Q = \core.previous).
Adding SRST signal on $flatten\core.$356 ($dff) from module ener_relay (D = $flatten\core.$procmux$2658_Y, Q = \core.have_previous, rval = 1'0).
Adding EN signal on $auto$ff.cc:337:slice$4020 ($sdff) from module ener_relay (D = $flatten\core.$procmux$2651_Y, Q = \core.have_previous).
Adding SRST signal on $flatten\core.$358 ($dff) from module ener_relay (D = $flatten\core.$procmux$2635_Y, Q = \core.next_tick, rval = 16'0000001111101000).
Adding EN signal on $auto$ff.cc:337:slice$4032 ($sdff) from module ener_relay (D = $flatten\core.$procmux$2635_Y, Q = \core.next_tick).
Adding SRST signal on $flatten\core.$360 ($dff) from module ener_relay (D = $flatten\core.$procmux$2620_Y, Q = \core.last_0, rval = 16'0000000000000000).
Adding EN signal on $auto$ff.cc:337:slice$4048 ($sdff) from module ener_relay (D = $flatten\core.$procmux$2620_Y, Q = \core.last_0).
Adding SRST signal on $flatten\core.$362 ($dff) from module ener_relay (D = $flatten\core.$procmux$2596_Y, Q = \core.seen_0, rval = 1'0).
Adding EN signal on $auto$ff.cc:337:slice$4066 ($sdff) from module ener_relay (D = $flatten\core.$procmux$2596_Y, Q = \core.seen_0).
Adding SRST signal on $flatten\core.$364 ($dff) from module ener_relay (D = $flatten\core.$procmux$2567_Y, Q = \core.refr_0, rval = 2'00).
Adding EN signal on $auto$ff.cc:337:slice$4084 ($sdff) from module ener_relay (D = $flatten\core.$procmux$2567_Y, Q = \core.refr_0).
Adding SRST signal on $flatten\core.$366 ($dff) from module ener_relay (D = $flatten\core.$procmux$2545_Y, Q = \core.v_0, rval = 16'0000000000000000).
Adding EN signal on $auto$ff.cc:337:slice$4108 ($sdff) from module ener_relay (D = $flatten\core.$procmux$2545_Y, Q = \core.v_0).
Adding SRST signal on $flatten\core.$368 ($dff) from module ener_relay (D = $flatten\core.$procmux$2523_Y, Q = \core.last_1, rval = 16'0000000000000000).
Adding EN signal on $auto$ff.cc:337:slice$4128 ($sdff) from module ener_relay (D = $flatten\core.$procmux$2523_Y, Q = \core.last_1).
Adding SRST signal on $flatten\core.$370 ($dff) from module ener_relay (D = $flatten\core.$procmux$2499_Y, Q = \core.seen_1, rval = 1'0).
Adding EN signal on $auto$ff.cc:337:slice$4146 ($sdff) from module ener_relay (D = $flatten\core.$procmux$2499_Y, Q = \core.seen_1).
Adding SRST signal on $flatten\core.$372 ($dff) from module ener_relay (D = $flatten\core.$procmux$2470_Y, Q = \core.refr_1, rval = 2'00).
Adding EN signal on $auto$ff.cc:337:slice$4164 ($sdff) from module ener_relay (D = $flatten\core.$procmux$2470_Y, Q = \core.refr_1).
Adding SRST signal on $flatten\core.$374 ($dff) from module ener_relay (D = $flatten\core.$procmux$2448_Y, Q = \core.v_1, rval = 16'0000000000000000).
Adding EN signal on $auto$ff.cc:337:slice$4188 ($sdff) from module ener_relay (D = $flatten\core.$procmux$2448_Y, Q = \core.v_1).
Adding SRST signal on $flatten\core.$376 ($dff) from module ener_relay (D = $flatten\core.$procmux$2426_Y, Q = \core.last_2, rval = 16'0000000000000000).
Adding EN signal on $auto$ff.cc:337:slice$4208 ($sdff) from module ener_relay (D = $flatten\core.$procmux$2426_Y, Q = \core.last_2).
Adding SRST signal on $flatten\core.$378 ($dff) from module ener_relay (D = $flatten\core.$procmux$2402_Y, Q = \core.seen_2, rval = 1'0).
Adding EN signal on $auto$ff.cc:337:slice$4226 ($sdff) from module ener_relay (D = $flatten\core.$procmux$2402_Y, Q = \core.seen_2).
Adding SRST signal on $flatten\core.$380 ($dff) from module ener_relay (D = $flatten\core.$procmux$2373_Y, Q = \core.refr_2, rval = 2'00).
Adding EN signal on $auto$ff.cc:337:slice$4244 ($sdff) from module ener_relay (D = $flatten\core.$procmux$2373_Y, Q = \core.refr_2).
Adding SRST signal on $flatten\core.$382 ($dff) from module ener_relay (D = $flatten\core.$procmux$2351_Y, Q = \core.v_2, rval = 16'0000000000000000).
Adding EN signal on $auto$ff.cc:337:slice$4268 ($sdff) from module ener_relay (D = $flatten\core.$procmux$2351_Y, Q = \core.v_2).
Adding SRST signal on $flatten\core.$384 ($dff) from module ener_relay (D = $flatten\core.$procmux$2329_Y, Q = \core.last_3, rval = 16'0000000000000000).
Adding EN signal on $auto$ff.cc:337:slice$4288 ($sdff) from module ener_relay (D = $flatten\core.$procmux$2329_Y, Q = \core.last_3).
Adding SRST signal on $flatten\core.$386 ($dff) from module ener_relay (D = $flatten\core.$procmux$2305_Y, Q = \core.seen_3, rval = 1'0).
Adding EN signal on $auto$ff.cc:337:slice$4306 ($sdff) from module ener_relay (D = $flatten\core.$procmux$2305_Y, Q = \core.seen_3).
Adding SRST signal on $flatten\core.$388 ($dff) from module ener_relay (D = $flatten\core.$procmux$2276_Y, Q = \core.refr_3, rval = 2'00).
Adding EN signal on $auto$ff.cc:337:slice$4324 ($sdff) from module ener_relay (D = $flatten\core.$procmux$2276_Y, Q = \core.refr_3).
Adding SRST signal on $flatten\core.$390 ($dff) from module ener_relay (D = $flatten\core.$procmux$2254_Y, Q = \core.v_3, rval = 16'0000000000000000).
Adding EN signal on $auto$ff.cc:337:slice$4348 ($sdff) from module ener_relay (D = $flatten\core.$procmux$2254_Y, Q = \core.v_3).
Adding SRST signal on $flatten\core.$392 ($dff) from module ener_relay (D = $flatten\core.$procmux$2232_Y, Q = \core.last_4, rval = 16'0000000000000000).
Adding EN signal on $auto$ff.cc:337:slice$4368 ($sdff) from module ener_relay (D = $flatten\core.$procmux$2232_Y, Q = \core.last_4).
Adding SRST signal on $flatten\core.$394 ($dff) from module ener_relay (D = $flatten\core.$procmux$2208_Y, Q = \core.seen_4, rval = 1'0).
Adding EN signal on $auto$ff.cc:337:slice$4386 ($sdff) from module ener_relay (D = $flatten\core.$procmux$2208_Y, Q = \core.seen_4).
Adding SRST signal on $flatten\core.$396 ($dff) from module ener_relay (D = $flatten\core.$procmux$2179_Y, Q = \core.refr_4, rval = 2'00).
Adding EN signal on $auto$ff.cc:337:slice$4404 ($sdff) from module ener_relay (D = $flatten\core.$procmux$2179_Y, Q = \core.refr_4).
Adding SRST signal on $flatten\core.$398 ($dff) from module ener_relay (D = $flatten\core.$procmux$2157_Y, Q = \core.v_4, rval = 16'0000000000000000).
Adding EN signal on $auto$ff.cc:337:slice$4428 ($sdff) from module ener_relay (D = $flatten\core.$procmux$2157_Y, Q = \core.v_4).
Adding SRST signal on $flatten\core.$400 ($dff) from module ener_relay (D = $flatten\core.$procmux$2135_Y, Q = \core.last_5, rval = 16'0000000000000000).
Adding EN signal on $auto$ff.cc:337:slice$4448 ($sdff) from module ener_relay (D = $flatten\core.$procmux$2135_Y, Q = \core.last_5).
Adding SRST signal on $flatten\core.$402 ($dff) from module ener_relay (D = $flatten\core.$procmux$2111_Y, Q = \core.seen_5, rval = 1'0).
Adding EN signal on $auto$ff.cc:337:slice$4466 ($sdff) from module ener_relay (D = $flatten\core.$procmux$2111_Y, Q = \core.seen_5).
Adding SRST signal on $flatten\core.$404 ($dff) from module ener_relay (D = $flatten\core.$procmux$2082_Y, Q = \core.refr_5, rval = 2'00).
Adding EN signal on $auto$ff.cc:337:slice$4484 ($sdff) from module ener_relay (D = $flatten\core.$procmux$2082_Y, Q = \core.refr_5).
Adding SRST signal on $flatten\core.$406 ($dff) from module ener_relay (D = $flatten\core.$procmux$2060_Y, Q = \core.v_5, rval = 16'0000000000000000).
Adding EN signal on $auto$ff.cc:337:slice$4508 ($sdff) from module ener_relay (D = $flatten\core.$procmux$2060_Y, Q = \core.v_5).
Adding SRST signal on $flatten\core.$408 ($dff) from module ener_relay (D = $flatten\core.$procmux$2038_Y, Q = \core.last_6, rval = 16'0000000000000000).
Adding EN signal on $auto$ff.cc:337:slice$4528 ($sdff) from module ener_relay (D = $flatten\core.$procmux$2038_Y, Q = \core.last_6).
Adding SRST signal on $flatten\core.$410 ($dff) from module ener_relay (D = $flatten\core.$procmux$2014_Y, Q = \core.seen_6, rval = 1'0).
Adding EN signal on $auto$ff.cc:337:slice$4546 ($sdff) from module ener_relay (D = $flatten\core.$procmux$2014_Y, Q = \core.seen_6).
Adding SRST signal on $flatten\core.$412 ($dff) from module ener_relay (D = $flatten\core.$procmux$1985_Y, Q = \core.refr_6, rval = 2'00).
Adding EN signal on $auto$ff.cc:337:slice$4564 ($sdff) from module ener_relay (D = $flatten\core.$procmux$1985_Y, Q = \core.refr_6).
Adding SRST signal on $flatten\core.$414 ($dff) from module ener_relay (D = $flatten\core.$procmux$1963_Y, Q = \core.v_6, rval = 16'0000000000000000).
Adding EN signal on $auto$ff.cc:337:slice$4588 ($sdff) from module ener_relay (D = $flatten\core.$procmux$1963_Y, Q = \core.v_6).
Adding SRST signal on $flatten\core.$416 ($dff) from module ener_relay (D = $flatten\core.$procmux$1941_Y, Q = \core.last_7, rval = 16'0000000000000000).
Adding EN signal on $auto$ff.cc:337:slice$4608 ($sdff) from module ener_relay (D = $flatten\core.$procmux$1941_Y, Q = \core.last_7).
Adding SRST signal on $flatten\core.$418 ($dff) from module ener_relay (D = $flatten\core.$procmux$1917_Y, Q = \core.seen_7, rval = 1'0).
Adding EN signal on $auto$ff.cc:337:slice$4626 ($sdff) from module ener_relay (D = $flatten\core.$procmux$1917_Y, Q = \core.seen_7).
Adding SRST signal on $flatten\core.$420 ($dff) from module ener_relay (D = $flatten\core.$procmux$1888_Y, Q = \core.refr_7, rval = 2'00).
Adding EN signal on $auto$ff.cc:337:slice$4644 ($sdff) from module ener_relay (D = $flatten\core.$procmux$1888_Y, Q = \core.refr_7).
Adding SRST signal on $flatten\core.$422 ($dff) from module ener_relay (D = $flatten\core.$procmux$1866_Y, Q = \core.v_7, rval = 16'0000000000000000).
Adding EN signal on $auto$ff.cc:337:slice$4668 ($sdff) from module ener_relay (D = $flatten\core.$procmux$1866_Y, Q = \core.v_7).
Adding SRST signal on $flatten\core.$424 ($dff) from module ener_relay (D = $flatten\core.$procmux$1826_Y, Q = \core.fsm_state, rval = 3'000).
Adding EN signal on $auto$ff.cc:337:slice$4688 ($sdff) from module ener_relay (D = $flatten\core.$procmux$1826_Y, Q = \core.fsm_state).
Adding SRST signal on $flatten\core.$426 ($dff) from module ener_relay (D = $flatten\core.$procmux$1818_Y, Q = \core.channel, rval = 3'000).
Adding EN signal on $auto$ff.cc:337:slice$4710 ($sdff) from module ener_relay (D = \arg [2:0], Q = \core.channel).
Adding SRST signal on $flatten\core.$428 ($dff) from module ener_relay (D = $flatten\core.$procmux$1805_Y, Q = \core.time, rval = 16'0000000000000000).
Adding EN signal on $auto$ff.cc:337:slice$4718 ($sdff) from module ener_relay (D = \timestamp, Q = \core.time).
Adding SRST signal on $flatten\core.$430 ($dff) from module ener_relay (D = $flatten\core.$procmux$1792_Y, Q = \core.index, rval = 6'000000).
Adding EN signal on $auto$ff.cc:337:slice$4726 ($sdff) from module ener_relay (D = { \core.bin_number \arg [2:0] }, Q = \core.index).
Adding SRST signal on $flatten\core.$432 ($dff) from module ener_relay (D = $flatten\core.$procmux$1779_Y, Q = \core.candidate, rval = 1'0).
Adding EN signal on $auto$ff.cc:337:slice$4734 ($sdff) from module ener_relay (D = $flatten\core.$35, Q = \core.candidate).
Adding SRST signal on $flatten\core.$434 ($dff) from module ener_relay (D = $flatten\core.$procmux$1766_Y, Q = \core.threshold, rval = 16'0000000000110010).
Adding EN signal on $auto$ff.cc:337:slice$4742 ($sdff) from module ener_relay (D = \amplitude, Q = \core.threshold).
Adding SRST signal on $flatten\core.$436 ($dff) from module ener_relay (D = $flatten\core.$procmux$1752_Y, Q = \core.theta, rval = 16'0000000001000000).
Adding EN signal on $auto$ff.cc:337:slice$4748 ($sdff) from module ener_relay (D = \amplitude, Q = \core.theta).
Adding SRST signal on $flatten\core.$438 ($dff) from module ener_relay (D = $flatten\core.$procmux$1724_Y, Q = \core.count_0, rval = 2'00).
Adding EN signal on $auto$ff.cc:337:slice$4756 ($sdff) from module ener_relay (D = $flatten\core.$procmux$1724_Y, Q = \core.count_0).
Adding SRST signal on $flatten\core.$440 ($dff) from module ener_relay (D = $flatten\core.$procmux$1697_Y, Q = \core.count_1, rval = 2'00).
Adding EN signal on $auto$ff.cc:337:slice$4782 ($sdff) from module ener_relay (D = $flatten\core.$procmux$1697_Y, Q = \core.count_1).
Adding SRST signal on $flatten\core.$442 ($dff) from module ener_relay (D = $flatten\core.$procmux$1670_Y, Q = \core.count_2, rval = 2'00).
Adding EN signal on $auto$ff.cc:337:slice$4808 ($sdff) from module ener_relay (D = $flatten\core.$procmux$1670_Y, Q = \core.count_2).
Adding SRST signal on $flatten\core.$444 ($dff) from module ener_relay (D = $flatten\core.$procmux$1643_Y, Q = \core.count_3, rval = 2'00).
Adding EN signal on $auto$ff.cc:337:slice$4834 ($sdff) from module ener_relay (D = $flatten\core.$procmux$1643_Y, Q = \core.count_3).
Adding SRST signal on $flatten\core.$446 ($dff) from module ener_relay (D = $flatten\core.$procmux$1616_Y, Q = \core.count_4, rval = 2'00).
Adding EN signal on $auto$ff.cc:337:slice$4860 ($sdff) from module ener_relay (D = $flatten\core.$procmux$1616_Y, Q = \core.count_4).
Adding SRST signal on $flatten\core.$448 ($dff) from module ener_relay (D = $flatten\core.$procmux$1589_Y, Q = \core.count_5, rval = 2'00).
Adding EN signal on $auto$ff.cc:337:slice$4886 ($sdff) from module ener_relay (D = $flatten\core.$procmux$1589_Y, Q = \core.count_5).
Adding SRST signal on $flatten\core.$450 ($dff) from module ener_relay (D = $flatten\core.$procmux$1562_Y, Q = \core.count_6, rval = 2'00).
Adding EN signal on $auto$ff.cc:337:slice$4912 ($sdff) from module ener_relay (D = $flatten\core.$procmux$1562_Y, Q = \core.count_6).
Adding SRST signal on $flatten\core.$452 ($dff) from module ener_relay (D = $flatten\core.$procmux$1535_Y, Q = \core.count_7, rval = 2'00).
Adding EN signal on $auto$ff.cc:337:slice$4938 ($sdff) from module ener_relay (D = $flatten\core.$procmux$1535_Y, Q = \core.count_7).
Adding SRST signal on $flatten\core.$454 ($dff) from module ener_relay (D = $flatten\core.$procmux$1508_Y, Q = \core.count_8, rval = 2'00).
Adding EN signal on $auto$ff.cc:337:slice$4964 ($sdff) from module ener_relay (D = $flatten\core.$procmux$1508_Y, Q = \core.count_8).
Adding SRST signal on $flatten\core.$456 ($dff) from module ener_relay (D = $flatten\core.$procmux$1481_Y, Q = \core.count_9, rval = 2'00).
Adding EN signal on $auto$ff.cc:337:slice$4990 ($sdff) from module ener_relay (D = $flatten\core.$procmux$1481_Y, Q = \core.count_9).
Adding SRST signal on $flatten\core.$458 ($dff) from module ener_relay (D = $flatten\core.$procmux$1454_Y, Q = \core.count_10, rval = 2'00).
Adding EN signal on $auto$ff.cc:337:slice$5016 ($sdff) from module ener_relay (D = $flatten\core.$procmux$1454_Y, Q = \core.count_10).
Adding SRST signal on $flatten\core.$460 ($dff) from module ener_relay (D = $flatten\core.$procmux$1427_Y, Q = \core.count_11, rval = 2'00).
Adding EN signal on $auto$ff.cc:337:slice$5042 ($sdff) from module ener_relay (D = $flatten\core.$procmux$1427_Y, Q = \core.count_11).
Adding SRST signal on $flatten\core.$462 ($dff) from module ener_relay (D = $flatten\core.$procmux$1400_Y, Q = \core.count_12, rval = 2'00).
Adding EN signal on $auto$ff.cc:337:slice$5068 ($sdff) from module ener_relay (D = $flatten\core.$procmux$1400_Y, Q = \core.count_12).
Adding SRST signal on $flatten\core.$464 ($dff) from module ener_relay (D = $flatten\core.$procmux$1373_Y, Q = \core.count_13, rval = 2'00).
Adding EN signal on $auto$ff.cc:337:slice$5094 ($sdff) from module ener_relay (D = $flatten\core.$procmux$1373_Y, Q = \core.count_13).
Adding SRST signal on $flatten\core.$466 ($dff) from module ener_relay (D = $flatten\core.$procmux$1346_Y, Q = \core.count_14, rval = 2'00).
Adding EN signal on $auto$ff.cc:337:slice$5120 ($sdff) from module ener_relay (D = $flatten\core.$procmux$1346_Y, Q = \core.count_14).
Adding SRST signal on $flatten\core.$468 ($dff) from module ener_relay (D = $flatten\core.$procmux$1319_Y, Q = \core.count_15, rval = 2'00).
Adding EN signal on $auto$ff.cc:337:slice$5146 ($sdff) from module ener_relay (D = $flatten\core.$procmux$1319_Y, Q = \core.count_15).
Adding SRST signal on $flatten\core.$470 ($dff) from module ener_relay (D = $flatten\core.$procmux$1292_Y, Q = \core.count_16, rval = 2'00).
Adding EN signal on $auto$ff.cc:337:slice$5172 ($sdff) from module ener_relay (D = $flatten\core.$procmux$1292_Y, Q = \core.count_16).
Adding SRST signal on $flatten\core.$472 ($dff) from module ener_relay (D = $flatten\core.$procmux$1265_Y, Q = \core.count_17, rval = 2'00).
Adding EN signal on $auto$ff.cc:337:slice$5198 ($sdff) from module ener_relay (D = $flatten\core.$procmux$1265_Y, Q = \core.count_17).
Adding SRST signal on $flatten\core.$474 ($dff) from module ener_relay (D = $flatten\core.$procmux$1238_Y, Q = \core.count_18, rval = 2'00).
Adding EN signal on $auto$ff.cc:337:slice$5224 ($sdff) from module ener_relay (D = $flatten\core.$procmux$1238_Y, Q = \core.count_18).
Adding SRST signal on $flatten\core.$476 ($dff) from module ener_relay (D = $flatten\core.$procmux$1211_Y, Q = \core.count_19, rval = 2'00).
Adding EN signal on $auto$ff.cc:337:slice$5250 ($sdff) from module ener_relay (D = $flatten\core.$procmux$1211_Y, Q = \core.count_19).
Adding SRST signal on $flatten\core.$478 ($dff) from module ener_relay (D = $flatten\core.$procmux$1184_Y, Q = \core.count_20, rval = 2'00).
Adding EN signal on $auto$ff.cc:337:slice$5276 ($sdff) from module ener_relay (D = $flatten\core.$procmux$1184_Y, Q = \core.count_20).
Adding SRST signal on $flatten\core.$480 ($dff) from module ener_relay (D = $flatten\core.$procmux$1157_Y, Q = \core.count_21, rval = 2'00).
Adding EN signal on $auto$ff.cc:337:slice$5302 ($sdff) from module ener_relay (D = $flatten\core.$procmux$1157_Y, Q = \core.count_21).
Adding SRST signal on $flatten\core.$482 ($dff) from module ener_relay (D = $flatten\core.$procmux$1130_Y, Q = \core.count_22, rval = 2'00).
Adding EN signal on $auto$ff.cc:337:slice$5328 ($sdff) from module ener_relay (D = $flatten\core.$procmux$1130_Y, Q = \core.count_22).
Adding SRST signal on $flatten\core.$484 ($dff) from module ener_relay (D = $flatten\core.$procmux$1103_Y, Q = \core.count_23, rval = 2'00).
Adding EN signal on $auto$ff.cc:337:slice$5354 ($sdff) from module ener_relay (D = $flatten\core.$procmux$1103_Y, Q = \core.count_23).
Adding SRST signal on $flatten\core.$486 ($dff) from module ener_relay (D = $flatten\core.$procmux$1076_Y, Q = \core.count_24, rval = 2'00).
Adding EN signal on $auto$ff.cc:337:slice$5380 ($sdff) from module ener_relay (D = $flatten\core.$procmux$1076_Y, Q = \core.count_24).
Adding SRST signal on $flatten\core.$488 ($dff) from module ener_relay (D = $flatten\core.$procmux$1049_Y, Q = \core.count_25, rval = 2'00).
Adding EN signal on $auto$ff.cc:337:slice$5406 ($sdff) from module ener_relay (D = $flatten\core.$procmux$1049_Y, Q = \core.count_25).
Adding SRST signal on $flatten\core.$490 ($dff) from module ener_relay (D = $flatten\core.$procmux$1022_Y, Q = \core.count_26, rval = 2'00).
Adding EN signal on $auto$ff.cc:337:slice$5432 ($sdff) from module ener_relay (D = $flatten\core.$procmux$1022_Y, Q = \core.count_26).
Adding SRST signal on $flatten\core.$492 ($dff) from module ener_relay (D = $flatten\core.$procmux$995_Y, Q = \core.count_27, rval = 2'00).
Adding EN signal on $auto$ff.cc:337:slice$5458 ($sdff) from module ener_relay (D = $flatten\core.$procmux$995_Y, Q = \core.count_27).
Adding SRST signal on $flatten\core.$494 ($dff) from module ener_relay (D = $flatten\core.$procmux$968_Y, Q = \core.count_28, rval = 2'00).
Adding EN signal on $auto$ff.cc:337:slice$5484 ($sdff) from module ener_relay (D = $flatten\core.$procmux$968_Y, Q = \core.count_28).
Adding SRST signal on $flatten\core.$496 ($dff) from module ener_relay (D = $flatten\core.$procmux$941_Y, Q = \core.count_29, rval = 2'00).
Adding EN signal on $auto$ff.cc:337:slice$5510 ($sdff) from module ener_relay (D = $flatten\core.$procmux$941_Y, Q = \core.count_29).
Adding SRST signal on $flatten\core.$498 ($dff) from module ener_relay (D = $flatten\core.$procmux$914_Y, Q = \core.count_30, rval = 2'00).
Adding EN signal on $auto$ff.cc:337:slice$5536 ($sdff) from module ener_relay (D = $flatten\core.$procmux$914_Y, Q = \core.count_30).
Adding SRST signal on $flatten\core.$500 ($dff) from module ener_relay (D = $flatten\core.$procmux$887_Y, Q = \core.count_31, rval = 2'00).
Adding EN signal on $auto$ff.cc:337:slice$5562 ($sdff) from module ener_relay (D = $flatten\core.$procmux$887_Y, Q = \core.count_31).
Adding SRST signal on $flatten\core.$502 ($dff) from module ener_relay (D = $flatten\core.$procmux$860_Y, Q = \core.count_32, rval = 2'00).
Adding EN signal on $auto$ff.cc:337:slice$5588 ($sdff) from module ener_relay (D = $flatten\core.$procmux$860_Y, Q = \core.count_32).
Adding SRST signal on $flatten\core.$504 ($dff) from module ener_relay (D = $flatten\core.$procmux$833_Y, Q = \core.count_33, rval = 2'00).
Adding EN signal on $auto$ff.cc:337:slice$5614 ($sdff) from module ener_relay (D = $flatten\core.$procmux$833_Y, Q = \core.count_33).
Adding SRST signal on $flatten\core.$506 ($dff) from module ener_relay (D = $flatten\core.$procmux$806_Y, Q = \core.count_34, rval = 2'00).
Adding EN signal on $auto$ff.cc:337:slice$5640 ($sdff) from module ener_relay (D = $flatten\core.$procmux$806_Y, Q = \core.count_34).
Adding SRST signal on $flatten\core.$508 ($dff) from module ener_relay (D = $flatten\core.$procmux$779_Y, Q = \core.count_35, rval = 2'00).
Adding EN signal on $auto$ff.cc:337:slice$5666 ($sdff) from module ener_relay (D = $flatten\core.$procmux$779_Y, Q = \core.count_35).
Adding SRST signal on $flatten\core.$510 ($dff) from module ener_relay (D = $flatten\core.$procmux$752_Y, Q = \core.count_36, rval = 2'00).
Adding EN signal on $auto$ff.cc:337:slice$5692 ($sdff) from module ener_relay (D = $flatten\core.$procmux$752_Y, Q = \core.count_36).
Adding SRST signal on $flatten\core.$512 ($dff) from module ener_relay (D = $flatten\core.$procmux$725_Y, Q = \core.count_37, rval = 2'00).
Adding EN signal on $auto$ff.cc:337:slice$5718 ($sdff) from module ener_relay (D = $flatten\core.$procmux$725_Y, Q = \core.count_37).
Adding SRST signal on $flatten\core.$514 ($dff) from module ener_relay (D = $flatten\core.$procmux$698_Y, Q = \core.count_38, rval = 2'00).
Adding EN signal on $auto$ff.cc:337:slice$5744 ($sdff) from module ener_relay (D = $flatten\core.$procmux$698_Y, Q = \core.count_38).
Adding SRST signal on $flatten\core.$516 ($dff) from module ener_relay (D = $flatten\core.$procmux$671_Y, Q = \core.count_39, rval = 2'00).
Adding EN signal on $auto$ff.cc:337:slice$5770 ($sdff) from module ener_relay (D = $flatten\core.$procmux$671_Y, Q = \core.count_39).
Adding SRST signal on $flatten\core.$518 ($dff) from module ener_relay (D = $flatten\core.$procmux$644_Y, Q = \core.count_40, rval = 2'00).
Adding EN signal on $auto$ff.cc:337:slice$5796 ($sdff) from module ener_relay (D = $flatten\core.$procmux$644_Y, Q = \core.count_40).
Adding SRST signal on $flatten\core.$520 ($dff) from module ener_relay (D = $flatten\core.$procmux$617_Y, Q = \core.count_41, rval = 2'00).
Adding EN signal on $auto$ff.cc:337:slice$5822 ($sdff) from module ener_relay (D = $flatten\core.$procmux$617_Y, Q = \core.count_41).
Adding SRST signal on $flatten\core.$522 ($dff) from module ener_relay (D = $flatten\core.$procmux$590_Y, Q = \core.count_42, rval = 2'00).
Adding EN signal on $auto$ff.cc:337:slice$5848 ($sdff) from module ener_relay (D = $flatten\core.$procmux$590_Y, Q = \core.count_42).
Adding SRST signal on $flatten\core.$524 ($dff) from module ener_relay (D = $flatten\core.$procmux$563_Y, Q = \core.count_43, rval = 2'00).
Adding EN signal on $auto$ff.cc:337:slice$5874 ($sdff) from module ener_relay (D = $flatten\core.$procmux$563_Y, Q = \core.count_43).
Adding SRST signal on $flatten\core.$526 ($dff) from module ener_relay (D = $flatten\core.$procmux$536_Y, Q = \core.count_44, rval = 2'00).
Adding EN signal on $auto$ff.cc:337:slice$5900 ($sdff) from module ener_relay (D = $flatten\core.$procmux$536_Y, Q = \core.count_44).
Adding SRST signal on $flatten\core.$528 ($dff) from module ener_relay (D = $flatten\core.$procmux$509_Y, Q = \core.count_45, rval = 2'00).
Adding EN signal on $auto$ff.cc:337:slice$5926 ($sdff) from module ener_relay (D = $flatten\core.$procmux$509_Y, Q = \core.count_45).
Adding SRST signal on $flatten\core.$530 ($dff) from module ener_relay (D = $flatten\core.$procmux$482_Y, Q = \core.count_46, rval = 2'00).
Adding EN signal on $auto$ff.cc:337:slice$5952 ($sdff) from module ener_relay (D = $flatten\core.$procmux$482_Y, Q = \core.count_46).
Adding SRST signal on $flatten\core.$532 ($dff) from module ener_relay (D = $flatten\core.$procmux$455_Y, Q = \core.count_47, rval = 2'00).
Adding EN signal on $auto$ff.cc:337:slice$5978 ($sdff) from module ener_relay (D = $flatten\core.$procmux$455_Y, Q = \core.count_47).
Adding SRST signal on $flatten\core.$534 ($dff) from module ener_relay (D = $flatten\core.$procmux$428_Y, Q = \core.count_48, rval = 2'00).
Adding EN signal on $auto$ff.cc:337:slice$6004 ($sdff) from module ener_relay (D = $flatten\core.$procmux$428_Y, Q = \core.count_48).
Adding SRST signal on $flatten\core.$536 ($dff) from module ener_relay (D = $flatten\core.$procmux$401_Y, Q = \core.count_49, rval = 2'00).
Adding EN signal on $auto$ff.cc:337:slice$6030 ($sdff) from module ener_relay (D = $flatten\core.$procmux$401_Y, Q = \core.count_49).
Adding SRST signal on $flatten\core.$538 ($dff) from module ener_relay (D = $flatten\core.$procmux$374_Y, Q = \core.count_50, rval = 2'00).
Adding EN signal on $auto$ff.cc:337:slice$6056 ($sdff) from module ener_relay (D = $flatten\core.$procmux$374_Y, Q = \core.count_50).
Adding SRST signal on $flatten\core.$540 ($dff) from module ener_relay (D = $flatten\core.$procmux$347_Y, Q = \core.count_51, rval = 2'00).
Adding EN signal on $auto$ff.cc:337:slice$6082 ($sdff) from module ener_relay (D = $flatten\core.$procmux$347_Y, Q = \core.count_51).
Adding SRST signal on $flatten\core.$542 ($dff) from module ener_relay (D = $flatten\core.$procmux$320_Y, Q = \core.count_52, rval = 2'00).
Adding EN signal on $auto$ff.cc:337:slice$6108 ($sdff) from module ener_relay (D = $flatten\core.$procmux$320_Y, Q = \core.count_52).
Adding SRST signal on $flatten\core.$544 ($dff) from module ener_relay (D = $flatten\core.$procmux$293_Y, Q = \core.count_53, rval = 2'00).
Adding EN signal on $auto$ff.cc:337:slice$6134 ($sdff) from module ener_relay (D = $flatten\core.$procmux$293_Y, Q = \core.count_53).
Adding SRST signal on $flatten\core.$546 ($dff) from module ener_relay (D = $flatten\core.$procmux$266_Y, Q = \core.count_54, rval = 2'00).
Adding EN signal on $auto$ff.cc:337:slice$6160 ($sdff) from module ener_relay (D = $flatten\core.$procmux$266_Y, Q = \core.count_54).
Adding SRST signal on $flatten\core.$548 ($dff) from module ener_relay (D = $flatten\core.$procmux$239_Y, Q = \core.count_55, rval = 2'00).
Adding EN signal on $auto$ff.cc:337:slice$6186 ($sdff) from module ener_relay (D = $flatten\core.$procmux$239_Y, Q = \core.count_55).
Adding SRST signal on $flatten\core.$550 ($dff) from module ener_relay (D = $flatten\core.$procmux$212_Y, Q = \core.count_56, rval = 2'00).
Adding EN signal on $auto$ff.cc:337:slice$6212 ($sdff) from module ener_relay (D = $flatten\core.$procmux$212_Y, Q = \core.count_56).
Adding SRST signal on $flatten\core.$552 ($dff) from module ener_relay (D = $flatten\core.$procmux$185_Y, Q = \core.count_57, rval = 2'00).
Adding EN signal on $auto$ff.cc:337:slice$6238 ($sdff) from module ener_relay (D = $flatten\core.$procmux$185_Y, Q = \core.count_57).
Adding SRST signal on $flatten\core.$554 ($dff) from module ener_relay (D = $flatten\core.$procmux$158_Y, Q = \core.count_58, rval = 2'00).
Adding EN signal on $auto$ff.cc:337:slice$6264 ($sdff) from module ener_relay (D = $flatten\core.$procmux$158_Y, Q = \core.count_58).
Adding SRST signal on $flatten\core.$556 ($dff) from module ener_relay (D = $flatten\core.$procmux$131_Y, Q = \core.count_59, rval = 2'00).
Adding EN signal on $auto$ff.cc:337:slice$6290 ($sdff) from module ener_relay (D = $flatten\core.$procmux$131_Y, Q = \core.count_59).
Adding SRST signal on $flatten\core.$558 ($dff) from module ener_relay (D = $flatten\core.$procmux$104_Y, Q = \core.count_60, rval = 2'00).
Adding EN signal on $auto$ff.cc:337:slice$6316 ($sdff) from module ener_relay (D = $flatten\core.$procmux$104_Y, Q = \core.count_60).
Adding SRST signal on $flatten\core.$560 ($dff) from module ener_relay (D = $flatten\core.$procmux$77_Y, Q = \core.count_61, rval = 2'00).
Adding EN signal on $auto$ff.cc:337:slice$6342 ($sdff) from module ener_relay (D = $flatten\core.$procmux$77_Y, Q = \core.count_61).
Adding SRST signal on $flatten\core.$562 ($dff) from module ener_relay (D = $flatten\core.$procmux$50_Y, Q = \core.count_62, rval = 2'00).
Adding EN signal on $auto$ff.cc:337:slice$6368 ($sdff) from module ener_relay (D = $flatten\core.$procmux$50_Y, Q = \core.count_62).
Adding SRST signal on $flatten\core.$564 ($dff) from module ener_relay (D = $flatten\core.$procmux$23_Y, Q = \core.count_63, rval = 2'00).
Adding EN signal on $auto$ff.cc:337:slice$6394 ($sdff) from module ener_relay (D = $flatten\core.$procmux$23_Y, Q = \core.count_63).
Adding SRST signal on $flatten\core.$566 ($dff) from module ener_relay (D = $flatten\core.$procmux$4_Y, Q = \core.neuron, rval = 3'000).
Adding EN signal on $auto$ff.cc:337:slice$6420 ($sdff) from module ener_relay (D = $flatten\core.$procmux$4_Y, Q = \core.neuron).
Setting constant 0-bit at position 50 on $auto$ff.cc:337:slice$3799 ($sdffe) from module ener_relay.
Setting constant 0-bit at position 51 on $auto$ff.cc:337:slice$3799 ($sdffe) from module ener_relay.
Setting constant 0-bit at position 52 on $auto$ff.cc:337:slice$3799 ($sdffe) from module ener_relay.
Setting constant 0-bit at position 53 on $auto$ff.cc:337:slice$3799 ($sdffe) from module ener_relay.
Setting constant 0-bit at position 54 on $auto$ff.cc:337:slice$3799 ($sdffe) from module ener_relay.
Setting constant 0-bit at position 55 on $auto$ff.cc:337:slice$3799 ($sdffe) from module ener_relay.

4.13.7. Executing OPT_CLEAN pass (remove unused cells and wires).
Finding unused cells or wires in module \ener_relay..
Removed 321 unused cells and 321 unused wires.
<suppressed ~322 debug messages>

4.13.8. Executing OPT_EXPR pass (perform const folding).
Optimizing module ener_relay.
<suppressed ~107 debug messages>

4.13.9. Rerunning OPT passes. (Maybe there is more to do..)

4.13.10. Executing OPT_MUXTREE pass (detect dead branches in mux trees).
Running muxtree optimizer on module \ener_relay..
  Creating internal representation of mux trees.
  Evaluating internal representation of mux trees.
  Analyzing evaluation results.
Removed 0 multiplexer ports.
<suppressed ~1216 debug messages>

4.13.11. Executing OPT_REDUCE pass (consolidate $*mux and $reduce_* inputs).
  Optimizing cells in module \ener_relay.
Performed a total of 0 changes.

4.13.12. Executing OPT_MERGE pass (detect identical cells).
Finding identical cells in module `\ener_relay'.
Computing hashes of 2765 cells of `\ener_relay'.
Finding duplicate cells in `\ener_relay'.
Computing hashes of 1916 cells of `\ener_relay'.
Finding duplicate cells in `\ener_relay'.
Computing hashes of 1865 cells of `\ener_relay'.
Finding duplicate cells in `\ener_relay'.
Computing hashes of 1836 cells of `\ener_relay'.
Finding duplicate cells in `\ener_relay'.
<suppressed ~2787 debug messages>
Removed a total of 929 cells.

4.13.13. Executing OPT_DFF pass (perform DFF optimizations).
Setting constant 0-bit at position 58 on $auto$ff.cc:337:slice$3774 ($sdffe) from module ener_relay.
Setting constant 0-bit at position 59 on $auto$ff.cc:337:slice$3774 ($sdffe) from module ener_relay.
Setting constant 0-bit at position 60 on $auto$ff.cc:337:slice$3774 ($sdffe) from module ener_relay.
Setting constant 0-bit at position 61 on $auto$ff.cc:337:slice$3774 ($sdffe) from module ener_relay.
Setting constant 0-bit at position 62 on $auto$ff.cc:337:slice$3774 ($sdffe) from module ener_relay.
Setting constant 0-bit at position 63 on $auto$ff.cc:337:slice$3774 ($sdffe) from module ener_relay.

4.13.14. Executing OPT_CLEAN pass (remove unused cells and wires).
Finding unused cells or wires in module \ener_relay..
Removed 0 unused cells and 927 unused wires.
<suppressed ~1 debug messages>

4.13.15. Executing OPT_EXPR pass (perform const folding).
Optimizing module ener_relay.

4.13.16. Rerunning OPT passes. (Maybe there is more to do..)

4.13.17. Executing OPT_MUXTREE pass (detect dead branches in mux trees).
Running muxtree optimizer on module \ener_relay..
  Creating internal representation of mux trees.
  Evaluating internal representation of mux trees.
  Analyzing evaluation results.
Removed 0 multiplexer ports.
<suppressed ~1232 debug messages>

4.13.18. Executing OPT_REDUCE pass (consolidate $*mux and $reduce_* inputs).
  Optimizing cells in module \ener_relay.
Performed a total of 0 changes.

4.13.19. Executing OPT_MERGE pass (detect identical cells).
Finding identical cells in module `\ener_relay'.
Computing hashes of 1836 cells of `\ener_relay'.
Finding duplicate cells in `\ener_relay'.
Removed a total of 0 cells.

4.13.20. Executing OPT_DFF pass (perform DFF optimizations).

4.13.21. Executing OPT_CLEAN pass (remove unused cells and wires).
Finding unused cells or wires in module \ener_relay..

4.13.22. Executing OPT_EXPR pass (perform const folding).
Optimizing module ener_relay.

4.13.23. Finished fast OPT passes. (There is nothing left to do.)

4.14. Executing WREDUCE pass (reducing word size of cells).
Removed top 1 bits (of 2) from port B of cell ener_relay.$auto$opt_dff.cc:320:make_patterns_logic$6431 ($ne).
Removed top 1 bits (of 2) from port B of cell ener_relay.$auto$opt_dff.cc:320:make_patterns_logic$6417 ($ne).
Removed top 1 bits (of 2) from port B of cell ener_relay.$auto$opt_dff.cc:320:make_patterns_logic$6413 ($ne).
Removed top 1 bits (of 2) from port B of cell ener_relay.$auto$opt_dff.cc:320:make_patterns_logic$6391 ($ne).
Removed top 1 bits (of 2) from port B of cell ener_relay.$auto$opt_dff.cc:320:make_patterns_logic$6389 ($ne).
Removed top 1 bits (of 2) from port B of cell ener_relay.$auto$opt_dff.cc:320:make_patterns_logic$6385 ($ne).
Removed top 1 bits (of 2) from port B of cell ener_relay.$auto$opt_dff.cc:320:make_patterns_logic$6365 ($ne).
Removed top 1 bits (of 2) from port B of cell ener_relay.$auto$opt_dff.cc:320:make_patterns_logic$6363 ($ne).
Removed top 1 bits (of 2) from port B of cell ener_relay.$auto$opt_dff.cc:320:make_patterns_logic$6359 ($ne).
Removed top 1 bits (of 2) from port B of cell ener_relay.$auto$opt_dff.cc:320:make_patterns_logic$6339 ($ne).
Removed top 1 bits (of 2) from port B of cell ener_relay.$auto$opt_dff.cc:320:make_patterns_logic$6337 ($ne).
Removed top 1 bits (of 2) from port B of cell ener_relay.$auto$opt_dff.cc:320:make_patterns_logic$6333 ($ne).
Removed top 1 bits (of 2) from port B of cell ener_relay.$auto$opt_dff.cc:320:make_patterns_logic$6313 ($ne).
Removed top 1 bits (of 2) from port B of cell ener_relay.$auto$opt_dff.cc:320:make_patterns_logic$6311 ($ne).
Removed top 1 bits (of 2) from port B of cell ener_relay.$auto$opt_dff.cc:320:make_patterns_logic$6307 ($ne).
Removed top 1 bits (of 2) from port B of cell ener_relay.$auto$opt_dff.cc:320:make_patterns_logic$6287 ($ne).
Removed top 1 bits (of 2) from port B of cell ener_relay.$auto$opt_dff.cc:320:make_patterns_logic$6285 ($ne).
Removed top 1 bits (of 2) from port B of cell ener_relay.$auto$opt_dff.cc:320:make_patterns_logic$6281 ($ne).
Removed top 1 bits (of 2) from port B of cell ener_relay.$auto$opt_dff.cc:320:make_patterns_logic$6261 ($ne).
Removed top 1 bits (of 2) from port B of cell ener_relay.$auto$opt_dff.cc:320:make_patterns_logic$6259 ($ne).
Removed top 1 bits (of 2) from port B of cell ener_relay.$auto$opt_dff.cc:320:make_patterns_logic$6255 ($ne).
Removed top 1 bits (of 2) from port B of cell ener_relay.$auto$opt_dff.cc:320:make_patterns_logic$6235 ($ne).
Removed top 1 bits (of 2) from port B of cell ener_relay.$auto$opt_dff.cc:320:make_patterns_logic$6233 ($ne).
Removed top 1 bits (of 2) from port B of cell ener_relay.$auto$opt_dff.cc:320:make_patterns_logic$6229 ($ne).
Removed top 1 bits (of 2) from port B of cell ener_relay.$auto$opt_dff.cc:320:make_patterns_logic$6209 ($ne).
Removed top 1 bits (of 2) from port B of cell ener_relay.$auto$opt_dff.cc:320:make_patterns_logic$6207 ($ne).
Removed top 1 bits (of 2) from port B of cell ener_relay.$auto$opt_dff.cc:320:make_patterns_logic$6203 ($ne).
Removed top 1 bits (of 2) from port B of cell ener_relay.$auto$opt_dff.cc:320:make_patterns_logic$6183 ($ne).
Removed top 1 bits (of 2) from port B of cell ener_relay.$auto$opt_dff.cc:320:make_patterns_logic$6181 ($ne).
Removed top 1 bits (of 2) from port B of cell ener_relay.$auto$opt_dff.cc:320:make_patterns_logic$6177 ($ne).
Removed top 1 bits (of 2) from port B of cell ener_relay.$auto$opt_dff.cc:320:make_patterns_logic$6157 ($ne).
Removed top 1 bits (of 2) from port B of cell ener_relay.$auto$opt_dff.cc:320:make_patterns_logic$6155 ($ne).
Removed top 1 bits (of 2) from port B of cell ener_relay.$auto$opt_dff.cc:320:make_patterns_logic$6151 ($ne).
Removed top 1 bits (of 2) from port B of cell ener_relay.$auto$opt_dff.cc:320:make_patterns_logic$6131 ($ne).
Removed top 1 bits (of 2) from port B of cell ener_relay.$auto$opt_dff.cc:320:make_patterns_logic$6129 ($ne).
Removed top 1 bits (of 2) from port B of cell ener_relay.$auto$opt_dff.cc:320:make_patterns_logic$6125 ($ne).
Removed top 1 bits (of 2) from port B of cell ener_relay.$auto$opt_dff.cc:320:make_patterns_logic$6105 ($ne).
Removed top 1 bits (of 2) from port B of cell ener_relay.$auto$opt_dff.cc:320:make_patterns_logic$6103 ($ne).
Removed top 1 bits (of 2) from port B of cell ener_relay.$auto$opt_dff.cc:320:make_patterns_logic$6099 ($ne).
Removed top 1 bits (of 2) from port B of cell ener_relay.$auto$opt_dff.cc:320:make_patterns_logic$6079 ($ne).
Removed top 1 bits (of 2) from port B of cell ener_relay.$auto$opt_dff.cc:320:make_patterns_logic$6077 ($ne).
Removed top 1 bits (of 2) from port B of cell ener_relay.$auto$opt_dff.cc:320:make_patterns_logic$6073 ($ne).
Removed top 1 bits (of 2) from port B of cell ener_relay.$auto$opt_dff.cc:320:make_patterns_logic$6053 ($ne).
Removed top 1 bits (of 2) from port B of cell ener_relay.$auto$opt_dff.cc:320:make_patterns_logic$6051 ($ne).
Removed top 1 bits (of 2) from port B of cell ener_relay.$auto$opt_dff.cc:320:make_patterns_logic$6047 ($ne).
Removed top 1 bits (of 2) from port B of cell ener_relay.$auto$opt_dff.cc:320:make_patterns_logic$6027 ($ne).
Removed top 1 bits (of 2) from port B of cell ener_relay.$auto$opt_dff.cc:320:make_patterns_logic$6025 ($ne).
Removed top 1 bits (of 2) from port B of cell ener_relay.$auto$opt_dff.cc:320:make_patterns_logic$6021 ($ne).
Removed top 1 bits (of 2) from port B of cell ener_relay.$auto$opt_dff.cc:320:make_patterns_logic$6001 ($ne).
Removed top 1 bits (of 2) from port B of cell ener_relay.$auto$opt_dff.cc:320:make_patterns_logic$5999 ($ne).
Removed top 1 bits (of 2) from port B of cell ener_relay.$auto$opt_dff.cc:320:make_patterns_logic$5995 ($ne).
Removed top 1 bits (of 2) from port B of cell ener_relay.$auto$opt_dff.cc:320:make_patterns_logic$5975 ($ne).
Removed top 1 bits (of 2) from port B of cell ener_relay.$auto$opt_dff.cc:320:make_patterns_logic$5973 ($ne).
Removed top 1 bits (of 2) from port B of cell ener_relay.$auto$opt_dff.cc:320:make_patterns_logic$5969 ($ne).
Removed top 1 bits (of 2) from port B of cell ener_relay.$auto$opt_dff.cc:320:make_patterns_logic$5949 ($ne).
Removed top 1 bits (of 2) from port B of cell ener_relay.$auto$opt_dff.cc:320:make_patterns_logic$5947 ($ne).
Removed top 1 bits (of 2) from port B of cell ener_relay.$auto$opt_dff.cc:320:make_patterns_logic$5943 ($ne).
Removed top 1 bits (of 2) from port B of cell ener_relay.$auto$opt_dff.cc:320:make_patterns_logic$5923 ($ne).
Removed top 1 bits (of 2) from port B of cell ener_relay.$auto$opt_dff.cc:320:make_patterns_logic$5921 ($ne).
Removed top 1 bits (of 2) from port B of cell ener_relay.$auto$opt_dff.cc:320:make_patterns_logic$5917 ($ne).
Removed top 1 bits (of 2) from port B of cell ener_relay.$auto$opt_dff.cc:320:make_patterns_logic$5897 ($ne).
Removed top 1 bits (of 2) from port B of cell ener_relay.$auto$opt_dff.cc:320:make_patterns_logic$5895 ($ne).
Removed top 1 bits (of 2) from port B of cell ener_relay.$auto$opt_dff.cc:320:make_patterns_logic$5891 ($ne).
Removed top 1 bits (of 2) from port B of cell ener_relay.$auto$opt_dff.cc:320:make_patterns_logic$5871 ($ne).
Removed top 1 bits (of 2) from port B of cell ener_relay.$auto$opt_dff.cc:320:make_patterns_logic$5869 ($ne).
Removed top 1 bits (of 2) from port B of cell ener_relay.$auto$opt_dff.cc:320:make_patterns_logic$5865 ($ne).
Removed top 1 bits (of 2) from port B of cell ener_relay.$auto$opt_dff.cc:320:make_patterns_logic$5845 ($ne).
Removed top 1 bits (of 2) from port B of cell ener_relay.$auto$opt_dff.cc:320:make_patterns_logic$5843 ($ne).
Removed top 1 bits (of 2) from port B of cell ener_relay.$auto$opt_dff.cc:320:make_patterns_logic$5839 ($ne).
Removed top 1 bits (of 2) from port B of cell ener_relay.$auto$opt_dff.cc:320:make_patterns_logic$5819 ($ne).
Removed top 1 bits (of 2) from port B of cell ener_relay.$auto$opt_dff.cc:320:make_patterns_logic$5817 ($ne).
Removed top 1 bits (of 2) from port B of cell ener_relay.$auto$opt_dff.cc:320:make_patterns_logic$5813 ($ne).
Removed top 1 bits (of 2) from port B of cell ener_relay.$auto$opt_dff.cc:320:make_patterns_logic$5793 ($ne).
Removed top 1 bits (of 2) from port B of cell ener_relay.$auto$opt_dff.cc:320:make_patterns_logic$5791 ($ne).
Removed top 1 bits (of 2) from port B of cell ener_relay.$auto$opt_dff.cc:320:make_patterns_logic$5787 ($ne).
Removed top 1 bits (of 2) from port B of cell ener_relay.$auto$opt_dff.cc:320:make_patterns_logic$5767 ($ne).
Removed top 1 bits (of 2) from port B of cell ener_relay.$auto$opt_dff.cc:320:make_patterns_logic$5765 ($ne).
Removed top 1 bits (of 2) from port B of cell ener_relay.$auto$opt_dff.cc:320:make_patterns_logic$5761 ($ne).
Removed top 1 bits (of 2) from port B of cell ener_relay.$auto$opt_dff.cc:320:make_patterns_logic$5741 ($ne).
Removed top 1 bits (of 2) from port B of cell ener_relay.$auto$opt_dff.cc:320:make_patterns_logic$5739 ($ne).
Removed top 1 bits (of 2) from port B of cell ener_relay.$auto$opt_dff.cc:320:make_patterns_logic$5735 ($ne).
Removed top 1 bits (of 2) from port B of cell ener_relay.$auto$opt_dff.cc:320:make_patterns_logic$5715 ($ne).
Removed top 1 bits (of 2) from port B of cell ener_relay.$auto$opt_dff.cc:320:make_patterns_logic$5713 ($ne).
Removed top 1 bits (of 2) from port B of cell ener_relay.$auto$opt_dff.cc:320:make_patterns_logic$5709 ($ne).
Removed top 1 bits (of 2) from port B of cell ener_relay.$auto$opt_dff.cc:320:make_patterns_logic$5689 ($ne).
Removed top 1 bits (of 2) from port B of cell ener_relay.$auto$opt_dff.cc:320:make_patterns_logic$5687 ($ne).
Removed top 1 bits (of 2) from port B of cell ener_relay.$auto$opt_dff.cc:320:make_patterns_logic$5683 ($ne).
Removed top 1 bits (of 2) from port B of cell ener_relay.$auto$opt_dff.cc:320:make_patterns_logic$5663 ($ne).
Removed top 1 bits (of 2) from port B of cell ener_relay.$auto$opt_dff.cc:320:make_patterns_logic$5661 ($ne).
Removed top 1 bits (of 2) from port B of cell ener_relay.$auto$opt_dff.cc:320:make_patterns_logic$5657 ($ne).
Removed top 1 bits (of 2) from port B of cell ener_relay.$auto$opt_dff.cc:320:make_patterns_logic$5637 ($ne).
Removed top 1 bits (of 2) from port B of cell ener_relay.$auto$opt_dff.cc:320:make_patterns_logic$5635 ($ne).
Removed top 1 bits (of 2) from port B of cell ener_relay.$auto$opt_dff.cc:320:make_patterns_logic$5631 ($ne).
Removed top 1 bits (of 2) from port B of cell ener_relay.$auto$opt_dff.cc:320:make_patterns_logic$5611 ($ne).
Removed top 1 bits (of 2) from port B of cell ener_relay.$auto$opt_dff.cc:320:make_patterns_logic$5609 ($ne).
Removed top 1 bits (of 2) from port B of cell ener_relay.$auto$opt_dff.cc:320:make_patterns_logic$5605 ($ne).
Removed top 1 bits (of 2) from port B of cell ener_relay.$auto$opt_dff.cc:320:make_patterns_logic$5585 ($ne).
Removed top 1 bits (of 2) from port B of cell ener_relay.$auto$opt_dff.cc:320:make_patterns_logic$5583 ($ne).
Removed top 1 bits (of 2) from port B of cell ener_relay.$auto$opt_dff.cc:320:make_patterns_logic$5579 ($ne).
Removed top 1 bits (of 2) from port B of cell ener_relay.$auto$opt_dff.cc:320:make_patterns_logic$5559 ($ne).
Removed top 1 bits (of 2) from port B of cell ener_relay.$auto$opt_dff.cc:320:make_patterns_logic$5557 ($ne).
Removed top 1 bits (of 2) from port B of cell ener_relay.$auto$opt_dff.cc:320:make_patterns_logic$5553 ($ne).
Removed top 1 bits (of 2) from port B of cell ener_relay.$auto$opt_dff.cc:320:make_patterns_logic$5533 ($ne).
Removed top 1 bits (of 2) from port B of cell ener_relay.$auto$opt_dff.cc:320:make_patterns_logic$5531 ($ne).
Removed top 1 bits (of 2) from port B of cell ener_relay.$auto$opt_dff.cc:320:make_patterns_logic$5527 ($ne).
Removed top 1 bits (of 2) from port B of cell ener_relay.$auto$opt_dff.cc:320:make_patterns_logic$5507 ($ne).
Removed top 1 bits (of 2) from port B of cell ener_relay.$auto$opt_dff.cc:320:make_patterns_logic$5505 ($ne).
Removed top 1 bits (of 2) from port B of cell ener_relay.$auto$opt_dff.cc:320:make_patterns_logic$5501 ($ne).
Removed top 1 bits (of 2) from port B of cell ener_relay.$auto$opt_dff.cc:320:make_patterns_logic$5481 ($ne).
Removed top 1 bits (of 2) from port B of cell ener_relay.$auto$opt_dff.cc:320:make_patterns_logic$5475 ($ne).
Removed top 1 bits (of 2) from port B of cell ener_relay.$auto$opt_dff.cc:320:make_patterns_logic$5453 ($ne).
Removed top 1 bits (of 2) from port B of cell ener_relay.$auto$opt_dff.cc:320:make_patterns_logic$5449 ($ne).
Removed top 1 bits (of 2) from port B of cell ener_relay.$auto$opt_dff.cc:320:make_patterns_logic$5429 ($ne).
Removed top 1 bits (of 2) from port B of cell ener_relay.$auto$opt_dff.cc:320:make_patterns_logic$5427 ($ne).
Removed top 1 bits (of 2) from port B of cell ener_relay.$auto$opt_dff.cc:320:make_patterns_logic$5423 ($ne).
Removed top 1 bits (of 2) from port B of cell ener_relay.$auto$opt_dff.cc:320:make_patterns_logic$5403 ($ne).
Removed top 1 bits (of 2) from port B of cell ener_relay.$auto$opt_dff.cc:320:make_patterns_logic$5401 ($ne).
Removed top 1 bits (of 2) from port B of cell ener_relay.$auto$opt_dff.cc:320:make_patterns_logic$5397 ($ne).
Removed top 1 bits (of 2) from port B of cell ener_relay.$auto$opt_dff.cc:320:make_patterns_logic$5377 ($ne).
Removed top 1 bits (of 2) from port B of cell ener_relay.$auto$opt_dff.cc:320:make_patterns_logic$5375 ($ne).
Removed top 1 bits (of 2) from port B of cell ener_relay.$auto$opt_dff.cc:320:make_patterns_logic$5371 ($ne).
Removed top 1 bits (of 2) from port B of cell ener_relay.$auto$opt_dff.cc:320:make_patterns_logic$5351 ($ne).
Removed top 1 bits (of 2) from port B of cell ener_relay.$auto$opt_dff.cc:320:make_patterns_logic$5349 ($ne).
Removed top 1 bits (of 2) from port B of cell ener_relay.$auto$opt_dff.cc:320:make_patterns_logic$5345 ($ne).
Removed top 1 bits (of 2) from port B of cell ener_relay.$auto$opt_dff.cc:320:make_patterns_logic$5325 ($ne).
Removed top 1 bits (of 2) from port B of cell ener_relay.$auto$opt_dff.cc:320:make_patterns_logic$5323 ($ne).
Removed top 1 bits (of 2) from port B of cell ener_relay.$auto$opt_dff.cc:320:make_patterns_logic$5319 ($ne).
Removed top 1 bits (of 2) from port B of cell ener_relay.$auto$opt_dff.cc:320:make_patterns_logic$5299 ($ne).
Removed top 1 bits (of 2) from port B of cell ener_relay.$auto$opt_dff.cc:320:make_patterns_logic$5297 ($ne).
Removed top 1 bits (of 2) from port B of cell ener_relay.$auto$opt_dff.cc:320:make_patterns_logic$5293 ($ne).
Removed top 1 bits (of 2) from port B of cell ener_relay.$auto$opt_dff.cc:320:make_patterns_logic$5273 ($ne).
Removed top 1 bits (of 2) from port B of cell ener_relay.$auto$opt_dff.cc:320:make_patterns_logic$5271 ($ne).
Removed top 1 bits (of 2) from port B of cell ener_relay.$auto$opt_dff.cc:320:make_patterns_logic$5267 ($ne).
Removed top 1 bits (of 2) from port B of cell ener_relay.$auto$opt_dff.cc:320:make_patterns_logic$5247 ($ne).
Removed top 1 bits (of 2) from port B of cell ener_relay.$auto$opt_dff.cc:320:make_patterns_logic$5245 ($ne).
Removed top 1 bits (of 2) from port B of cell ener_relay.$auto$opt_dff.cc:320:make_patterns_logic$5241 ($ne).
Removed top 1 bits (of 2) from port B of cell ener_relay.$auto$opt_dff.cc:320:make_patterns_logic$5221 ($ne).
Removed top 1 bits (of 2) from port B of cell ener_relay.$auto$opt_dff.cc:320:make_patterns_logic$5219 ($ne).
Removed top 1 bits (of 2) from port B of cell ener_relay.$auto$opt_dff.cc:320:make_patterns_logic$5215 ($ne).
Removed top 1 bits (of 2) from port B of cell ener_relay.$auto$opt_dff.cc:320:make_patterns_logic$5195 ($ne).
Removed top 1 bits (of 2) from port B of cell ener_relay.$auto$opt_dff.cc:320:make_patterns_logic$5193 ($ne).
Removed top 1 bits (of 2) from port B of cell ener_relay.$auto$opt_dff.cc:320:make_patterns_logic$5189 ($ne).
Removed top 1 bits (of 2) from port B of cell ener_relay.$auto$opt_dff.cc:320:make_patterns_logic$5169 ($ne).
Removed top 1 bits (of 2) from port B of cell ener_relay.$auto$opt_dff.cc:320:make_patterns_logic$5167 ($ne).
Removed top 1 bits (of 2) from port B of cell ener_relay.$auto$opt_dff.cc:320:make_patterns_logic$5163 ($ne).
Removed top 1 bits (of 2) from port B of cell ener_relay.$auto$opt_dff.cc:320:make_patterns_logic$5143 ($ne).
Removed top 1 bits (of 2) from port B of cell ener_relay.$auto$opt_dff.cc:320:make_patterns_logic$5141 ($ne).
Removed top 1 bits (of 2) from port B of cell ener_relay.$auto$opt_dff.cc:320:make_patterns_logic$5137 ($ne).
Removed top 1 bits (of 2) from port B of cell ener_relay.$auto$opt_dff.cc:320:make_patterns_logic$5117 ($ne).
Removed top 1 bits (of 2) from port B of cell ener_relay.$auto$opt_dff.cc:320:make_patterns_logic$5115 ($ne).
Removed top 1 bits (of 2) from port B of cell ener_relay.$auto$opt_dff.cc:320:make_patterns_logic$5111 ($ne).
Removed top 1 bits (of 2) from port B of cell ener_relay.$auto$opt_dff.cc:320:make_patterns_logic$5091 ($ne).
Removed top 1 bits (of 2) from port B of cell ener_relay.$auto$opt_dff.cc:320:make_patterns_logic$5089 ($ne).
Removed top 1 bits (of 2) from port B of cell ener_relay.$auto$opt_dff.cc:320:make_patterns_logic$5085 ($ne).
Removed top 1 bits (of 2) from port B of cell ener_relay.$auto$opt_dff.cc:320:make_patterns_logic$5065 ($ne).
Removed top 1 bits (of 2) from port B of cell ener_relay.$auto$opt_dff.cc:320:make_patterns_logic$5063 ($ne).
Removed top 1 bits (of 2) from port B of cell ener_relay.$auto$opt_dff.cc:320:make_patterns_logic$5059 ($ne).
Removed top 1 bits (of 2) from port B of cell ener_relay.$auto$opt_dff.cc:320:make_patterns_logic$5039 ($ne).
Removed top 1 bits (of 2) from port B of cell ener_relay.$auto$opt_dff.cc:320:make_patterns_logic$5037 ($ne).
Removed top 1 bits (of 2) from port B of cell ener_relay.$auto$opt_dff.cc:320:make_patterns_logic$5033 ($ne).
Removed top 1 bits (of 2) from port B of cell ener_relay.$auto$opt_dff.cc:320:make_patterns_logic$5013 ($ne).
Removed top 1 bits (of 2) from port B of cell ener_relay.$auto$opt_dff.cc:320:make_patterns_logic$5011 ($ne).
Removed top 1 bits (of 2) from port B of cell ener_relay.$auto$opt_dff.cc:320:make_patterns_logic$5007 ($ne).
Removed top 1 bits (of 2) from port B of cell ener_relay.$auto$opt_dff.cc:320:make_patterns_logic$4987 ($ne).
Removed top 1 bits (of 2) from port B of cell ener_relay.$auto$opt_dff.cc:320:make_patterns_logic$4985 ($ne).
Removed top 1 bits (of 2) from port B of cell ener_relay.$auto$opt_dff.cc:320:make_patterns_logic$4981 ($ne).
Removed top 1 bits (of 2) from port B of cell ener_relay.$auto$opt_dff.cc:320:make_patterns_logic$4961 ($ne).
Removed top 1 bits (of 2) from port B of cell ener_relay.$auto$opt_dff.cc:320:make_patterns_logic$4959 ($ne).
Removed top 1 bits (of 2) from port B of cell ener_relay.$auto$opt_dff.cc:320:make_patterns_logic$4955 ($ne).
Removed top 1 bits (of 2) from port B of cell ener_relay.$auto$opt_dff.cc:320:make_patterns_logic$4935 ($ne).
Removed top 1 bits (of 2) from port B of cell ener_relay.$auto$opt_dff.cc:320:make_patterns_logic$4933 ($ne).
Removed top 1 bits (of 2) from port B of cell ener_relay.$auto$opt_dff.cc:320:make_patterns_logic$4929 ($ne).
Removed top 1 bits (of 2) from port B of cell ener_relay.$auto$opt_dff.cc:320:make_patterns_logic$4909 ($ne).
Removed top 1 bits (of 2) from port B of cell ener_relay.$auto$opt_dff.cc:320:make_patterns_logic$4907 ($ne).
Removed top 1 bits (of 2) from port B of cell ener_relay.$auto$opt_dff.cc:320:make_patterns_logic$4903 ($ne).
Removed top 1 bits (of 2) from port B of cell ener_relay.$auto$opt_dff.cc:320:make_patterns_logic$4883 ($ne).
Removed top 1 bits (of 2) from port B of cell ener_relay.$auto$opt_dff.cc:320:make_patterns_logic$4881 ($ne).
Removed top 1 bits (of 2) from port B of cell ener_relay.$auto$opt_dff.cc:320:make_patterns_logic$4877 ($ne).
Removed top 1 bits (of 2) from port B of cell ener_relay.$auto$opt_dff.cc:320:make_patterns_logic$4857 ($ne).
Removed top 1 bits (of 2) from port B of cell ener_relay.$auto$opt_dff.cc:320:make_patterns_logic$4855 ($ne).
Removed top 1 bits (of 2) from port B of cell ener_relay.$auto$opt_dff.cc:320:make_patterns_logic$4851 ($ne).
Removed top 1 bits (of 2) from port B of cell ener_relay.$auto$opt_dff.cc:320:make_patterns_logic$4831 ($ne).
Removed top 1 bits (of 2) from port B of cell ener_relay.$auto$opt_dff.cc:320:make_patterns_logic$4829 ($ne).
Removed top 1 bits (of 2) from port B of cell ener_relay.$auto$opt_dff.cc:320:make_patterns_logic$4825 ($ne).
Removed top 1 bits (of 2) from port B of cell ener_relay.$auto$opt_dff.cc:320:make_patterns_logic$4805 ($ne).
Removed top 1 bits (of 2) from port B of cell ener_relay.$auto$opt_dff.cc:320:make_patterns_logic$4803 ($ne).
Removed top 1 bits (of 2) from port B of cell ener_relay.$auto$opt_dff.cc:320:make_patterns_logic$4799 ($ne).
Removed top 1 bits (of 2) from port B of cell ener_relay.$auto$opt_dff.cc:320:make_patterns_logic$4779 ($ne).
Removed top 1 bits (of 2) from port B of cell ener_relay.$auto$opt_dff.cc:320:make_patterns_logic$4777 ($ne).
Removed top 1 bits (of 2) from port B of cell ener_relay.$auto$opt_dff.cc:320:make_patterns_logic$4773 ($ne).
Removed top 2 bits (of 3) from port B of cell ener_relay.$auto$opt_dff.cc:320:make_patterns_logic$4707 ($ne).
Removed top 1 bits (of 2) from port B of cell ener_relay.$auto$opt_dff.cc:320:make_patterns_logic$4685 ($ne).
Removed top 1 bits (of 3) from port B of cell ener_relay.$auto$opt_dff.cc:320:make_patterns_logic$4637 ($ne).
Removed top 1 bits (of 2) from port B of cell ener_relay.$auto$opt_dff.cc:320:make_patterns_logic$4603 ($ne).
Removed top 1 bits (of 2) from port B of cell ener_relay.$auto$opt_dff.cc:320:make_patterns_logic$4523 ($ne).
Removed top 1 bits (of 2) from port B of cell ener_relay.$auto$opt_dff.cc:320:make_patterns_logic$4443 ($ne).
Removed top 1 bits (of 2) from port B of cell ener_relay.$auto$opt_dff.cc:320:make_patterns_logic$4363 ($ne).
Removed top 1 bits (of 2) from port B of cell ener_relay.$auto$opt_dff.cc:320:make_patterns_logic$4283 ($ne).
Removed top 1 bits (of 2) from port B of cell ener_relay.$auto$opt_dff.cc:320:make_patterns_logic$4203 ($ne).
Removed top 1 bits (of 2) from port B of cell ener_relay.$auto$opt_dff.cc:320:make_patterns_logic$4123 ($ne).
Removed top 1 bits (of 4) from port B of cell ener_relay.$auto$opt_dff.cc:320:make_patterns_logic$3967 ($ne).
Removed top 5 bits (of 8) from port B of cell ener_relay.$auto$opt_dff.cc:320:make_patterns_logic$3965 ($ne).
Removed top 6 bits (of 9) from port B of cell ener_relay.$64 ($xor).
Removed top 1 bits (of 9) from port Y of cell ener_relay.$64 ($xor).
Removed top 1 bits (of 9) from port A of cell ener_relay.$64 ($xor).
Removed top 1 bits (of 8) from port Y of cell ener_relay.$80 ($add).
Removed top 6 bits (of 9) from port B of cell ener_relay.$97 ($xor).
Removed top 1 bits (of 9) from port Y of cell ener_relay.$97 ($xor).
Removed top 1 bits (of 9) from port A of cell ener_relay.$97 ($xor).
Removed top 1 bits (of 7) from port Y of cell ener_relay.$99 ($add).
Removed top 6 bits (of 56) from mux cell ener_relay.$procmux$3275 ($mux).
Removed top 1 bits (of 4) from port Y of cell ener_relay.$flatten\core.$237 ($add).
Removed top 1 bits (of 7) from port Y of cell ener_relay.$flatten\core.$276 ($add).
Removed top 1 bits (of 17) from port Y of cell ener_relay.$flatten\core.$279 ($add).
Removed top 4 bits (of 16) from port B of cell ener_relay.$flatten\core.$281 ($sub).
Removed top 1 bits (of 17) from port Y of cell ener_relay.$flatten\core.$281 ($sub).
Removed top 1 bits (of 3) from port Y of cell ener_relay.$flatten\core.$283 ($sub).
Removed top 4 bits (of 16) from port B of cell ener_relay.$flatten\core.$285 ($sub).
Removed top 1 bits (of 17) from port Y of cell ener_relay.$flatten\core.$285 ($sub).
Removed top 1 bits (of 3) from port Y of cell ener_relay.$flatten\core.$287 ($sub).
Removed top 4 bits (of 16) from port B of cell ener_relay.$flatten\core.$289 ($sub).
Removed top 1 bits (of 17) from port Y of cell ener_relay.$flatten\core.$289 ($sub).
Removed top 1 bits (of 3) from port Y of cell ener_relay.$flatten\core.$291 ($sub).
Removed top 4 bits (of 16) from port B of cell ener_relay.$flatten\core.$293 ($sub).
Removed top 1 bits (of 17) from port Y of cell ener_relay.$flatten\core.$293 ($sub).
Removed top 1 bits (of 3) from port Y of cell ener_relay.$flatten\core.$295 ($sub).
Removed top 4 bits (of 16) from port B of cell ener_relay.$flatten\core.$297 ($sub).
Removed top 1 bits (of 17) from port Y of cell ener_relay.$flatten\core.$297 ($sub).
Removed top 1 bits (of 3) from port Y of cell ener_relay.$flatten\core.$299 ($sub).
Removed top 4 bits (of 16) from port B of cell ener_relay.$flatten\core.$301 ($sub).
Removed top 1 bits (of 17) from port Y of cell ener_relay.$flatten\core.$301 ($sub).
Removed top 1 bits (of 3) from port Y of cell ener_relay.$flatten\core.$303 ($sub).
Removed top 4 bits (of 16) from port B of cell ener_relay.$flatten\core.$305 ($sub).
Removed top 1 bits (of 17) from port Y of cell ener_relay.$flatten\core.$305 ($sub).
Removed top 1 bits (of 3) from port Y of cell ener_relay.$flatten\core.$307 ($sub).
Removed top 4 bits (of 16) from port B of cell ener_relay.$flatten\core.$309 ($sub).
Removed top 1 bits (of 17) from port Y of cell ener_relay.$flatten\core.$309 ($sub).
Removed top 1 bits (of 3) from port Y of cell ener_relay.$flatten\core.$311 ($sub).
Removed top 1 bits (of 3) from port Y of cell ener_relay.$flatten\core.$322 ($add).
Removed top 1 bits (of 3) from port Y of cell ener_relay.$flatten\core.$331 ($add).
Removed top 1 bits (of 4) from port Y of cell ener_relay.$flatten\core.$333 ($add).
Removed top 1 bits (of 6) from port B of cell ener_relay.$flatten\core.$procmux$1008_CMP0 ($eq).
Removed top 1 bits (of 6) from port B of cell ener_relay.$flatten\core.$procmux$1035_CMP0 ($eq).
Removed top 1 bits (of 6) from port B of cell ener_relay.$flatten\core.$procmux$1062_CMP0 ($eq).
Removed top 1 bits (of 6) from port B of cell ener_relay.$flatten\core.$procmux$1089_CMP0 ($eq).
Removed top 1 bits (of 6) from port B of cell ener_relay.$flatten\core.$procmux$1116_CMP0 ($eq).
Removed top 1 bits (of 6) from port B of cell ener_relay.$flatten\core.$procmux$1143_CMP0 ($eq).
Removed top 1 bits (of 6) from port B of cell ener_relay.$flatten\core.$procmux$1170_CMP0 ($eq).
Removed top 1 bits (of 6) from port B of cell ener_relay.$flatten\core.$procmux$1197_CMP0 ($eq).
Removed top 1 bits (of 6) from port B of cell ener_relay.$flatten\core.$procmux$1224_CMP0 ($eq).
Removed top 1 bits (of 6) from port B of cell ener_relay.$flatten\core.$procmux$1251_CMP0 ($eq).
Removed top 1 bits (of 6) from port B of cell ener_relay.$flatten\core.$procmux$1278_CMP0 ($eq).
Removed top 1 bits (of 6) from port B of cell ener_relay.$flatten\core.$procmux$1305_CMP0 ($eq).
Removed top 2 bits (of 6) from port B of cell ener_relay.$flatten\core.$procmux$1332_CMP0 ($eq).
Removed top 2 bits (of 6) from port B of cell ener_relay.$flatten\core.$procmux$1359_CMP0 ($eq).
Removed top 2 bits (of 6) from port B of cell ener_relay.$flatten\core.$procmux$1386_CMP0 ($eq).
Removed top 2 bits (of 6) from port B of cell ener_relay.$flatten\core.$procmux$1413_CMP0 ($eq).
Removed top 2 bits (of 6) from port B of cell ener_relay.$flatten\core.$procmux$1440_CMP0 ($eq).
Removed top 2 bits (of 6) from port B of cell ener_relay.$flatten\core.$procmux$1467_CMP0 ($eq).
Removed top 2 bits (of 6) from port B of cell ener_relay.$flatten\core.$procmux$1494_CMP0 ($eq).
Removed top 2 bits (of 6) from port B of cell ener_relay.$flatten\core.$procmux$1521_CMP0 ($eq).
Removed top 3 bits (of 6) from port B of cell ener_relay.$flatten\core.$procmux$1548_CMP0 ($eq).
Removed top 3 bits (of 6) from port B of cell ener_relay.$flatten\core.$procmux$1575_CMP0 ($eq).
Removed top 3 bits (of 6) from port B of cell ener_relay.$flatten\core.$procmux$1602_CMP0 ($eq).
Removed top 3 bits (of 6) from port B of cell ener_relay.$flatten\core.$procmux$1629_CMP0 ($eq).
Removed top 4 bits (of 6) from port B of cell ener_relay.$flatten\core.$procmux$1656_CMP0 ($eq).
Removed top 4 bits (of 6) from port B of cell ener_relay.$flatten\core.$procmux$1683_CMP0 ($eq).
Removed top 5 bits (of 6) from port B of cell ener_relay.$flatten\core.$procmux$1710_CMP0 ($eq).
Removed top 14 bits (of 16) from mux cell ener_relay.$flatten\core.$procmux$2723 ($mux).
Removed top 6 bits (of 16) from mux cell ener_relay.$flatten\core.$procmux$2725 ($pmux).
Removed top 7 bits (of 8) from mux cell ener_relay.$flatten\core.$procmux$2736 ($mux).
Removed top 2 bits (of 8) from port B of cell ener_relay.$flatten\core.$procmux$2800_CMP0 ($eq).
Removed top 2 bits (of 8) from port B of cell ener_relay.$flatten\core.$procmux$2800_CMP1 ($eq).
Removed top 3 bits (of 8) from port B of cell ener_relay.$flatten\core.$procmux$2801_CMP0 ($eq).
Removed top 6 bits (of 8) from port B of cell ener_relay.$flatten\core.$procmux$2805_CMP0 ($eq).
Removed top 3 bits (of 8) from port B of cell ener_relay.$flatten\core.$procmux$2843_CMP0 ($eq).
Removed top 7 bits (of 8) from port B of cell ener_relay.$flatten\core.$procmux$2849_CMP0 ($eq).
Removed top 1 bits (of 3) from port B of cell ener_relay.$flatten\core.$procmux$2860_CMP0 ($eq).
Removed top 2 bits (of 5) from mux cell ener_relay.$flatten\core.$procmux$2862 ($mux).
Removed top 2 bits (of 3) from mux cell ener_relay.$flatten\core.$procmux$2866 ($mux).
Removed top 1 bits (of 3) from mux cell ener_relay.$flatten\core.$procmux$2868 ($mux).
Removed top 1 bits (of 3) from mux cell ener_relay.$flatten\core.$procmux$2870 ($mux).
Removed top 1 bits (of 6) from port B of cell ener_relay.$flatten\core.$procmux$2983_CMP0 ($eq).
Removed top 1 bits (of 6) from port B of cell ener_relay.$flatten\core.$procmux$2984_CMP0 ($eq).
Removed top 1 bits (of 6) from port B of cell ener_relay.$flatten\core.$procmux$2985_CMP0 ($eq).
Removed top 1 bits (of 6) from port B of cell ener_relay.$flatten\core.$procmux$2986_CMP0 ($eq).
Removed top 1 bits (of 6) from port B of cell ener_relay.$flatten\core.$procmux$2987_CMP0 ($eq).
Removed top 1 bits (of 6) from port B of cell ener_relay.$flatten\core.$procmux$2988_CMP0 ($eq).
Removed top 1 bits (of 6) from port B of cell ener_relay.$flatten\core.$procmux$2989_CMP0 ($eq).
Removed top 1 bits (of 6) from port B of cell ener_relay.$flatten\core.$procmux$2990_CMP0 ($eq).
Removed top 1 bits (of 6) from port B of cell ener_relay.$flatten\core.$procmux$2991_CMP0 ($eq).
Removed top 1 bits (of 6) from port B of cell ener_relay.$flatten\core.$procmux$2992_CMP0 ($eq).
Removed top 1 bits (of 6) from port B of cell ener_relay.$flatten\core.$procmux$2993_CMP0 ($eq).
Removed top 2 bits (of 6) from port B of cell ener_relay.$flatten\core.$procmux$2994_CMP0 ($eq).
Removed top 2 bits (of 6) from port B of cell ener_relay.$flatten\core.$procmux$2995_CMP0 ($eq).
Removed top 2 bits (of 6) from port B of cell ener_relay.$flatten\core.$procmux$2996_CMP0 ($eq).
Removed top 2 bits (of 6) from port B of cell ener_relay.$flatten\core.$procmux$2997_CMP0 ($eq).
Removed top 2 bits (of 6) from port B of cell ener_relay.$flatten\core.$procmux$2998_CMP0 ($eq).
Removed top 2 bits (of 6) from port B of cell ener_relay.$flatten\core.$procmux$2999_CMP0 ($eq).
Removed top 2 bits (of 6) from port B of cell ener_relay.$flatten\core.$procmux$3000_CMP0 ($eq).
Removed top 2 bits (of 6) from port B of cell ener_relay.$flatten\core.$procmux$3001_CMP0 ($eq).
Removed top 3 bits (of 6) from port B of cell ener_relay.$flatten\core.$procmux$3002_CMP0 ($eq).
Removed top 3 bits (of 6) from port B of cell ener_relay.$flatten\core.$procmux$3003_CMP0 ($eq).
Removed top 3 bits (of 6) from port B of cell ener_relay.$flatten\core.$procmux$3004_CMP0 ($eq).
Removed top 3 bits (of 6) from port B of cell ener_relay.$flatten\core.$procmux$3005_CMP0 ($eq).
Removed top 4 bits (of 6) from port B of cell ener_relay.$flatten\core.$procmux$3006_CMP0 ($eq).
Removed top 4 bits (of 6) from port B of cell ener_relay.$flatten\core.$procmux$3007_CMP0 ($eq).
Removed top 5 bits (of 6) from port B of cell ener_relay.$flatten\core.$procmux$3008_CMP0 ($eq).
Removed top 1 bits (of 6) from port B of cell ener_relay.$flatten\core.$procmux$3121_CMP0 ($eq).
Removed top 1 bits (of 6) from port B of cell ener_relay.$flatten\core.$procmux$3122_CMP0 ($eq).
Removed top 1 bits (of 6) from port B of cell ener_relay.$flatten\core.$procmux$3123_CMP0 ($eq).
Removed top 1 bits (of 6) from port B of cell ener_relay.$flatten\core.$procmux$3124_CMP0 ($eq).
Removed top 1 bits (of 6) from port B of cell ener_relay.$flatten\core.$procmux$3125_CMP0 ($eq).
Removed top 1 bits (of 6) from port B of cell ener_relay.$flatten\core.$procmux$3126_CMP0 ($eq).
Removed top 1 bits (of 6) from port B of cell ener_relay.$flatten\core.$procmux$3127_CMP0 ($eq).
Removed top 1 bits (of 6) from port B of cell ener_relay.$flatten\core.$procmux$3128_CMP0 ($eq).
Removed top 1 bits (of 6) from port B of cell ener_relay.$flatten\core.$procmux$3129_CMP0 ($eq).
Removed top 1 bits (of 6) from port B of cell ener_relay.$flatten\core.$procmux$3130_CMP0 ($eq).
Removed top 1 bits (of 6) from port B of cell ener_relay.$flatten\core.$procmux$3131_CMP0 ($eq).
Removed top 1 bits (of 6) from port B of cell ener_relay.$flatten\core.$procmux$3132_CMP0 ($eq).
Removed top 2 bits (of 6) from port B of cell ener_relay.$flatten\core.$procmux$3133_CMP0 ($eq).
Removed top 2 bits (of 6) from port B of cell ener_relay.$flatten\core.$procmux$3134_CMP0 ($eq).
Removed top 2 bits (of 6) from port B of cell ener_relay.$flatten\core.$procmux$3135_CMP0 ($eq).
Removed top 2 bits (of 6) from port B of cell ener_relay.$flatten\core.$procmux$3136_CMP0 ($eq).
Removed top 2 bits (of 6) from port B of cell ener_relay.$flatten\core.$procmux$3137_CMP0 ($eq).
Removed top 2 bits (of 6) from port B of cell ener_relay.$flatten\core.$procmux$3138_CMP0 ($eq).
Removed top 2 bits (of 6) from port B of cell ener_relay.$flatten\core.$procmux$3139_CMP0 ($eq).
Removed top 2 bits (of 6) from port B of cell ener_relay.$flatten\core.$procmux$3140_CMP0 ($eq).
Removed top 3 bits (of 6) from port B of cell ener_relay.$flatten\core.$procmux$3141_CMP0 ($eq).
Removed top 3 bits (of 6) from port B of cell ener_relay.$flatten\core.$procmux$3142_CMP0 ($eq).
Removed top 3 bits (of 6) from port B of cell ener_relay.$flatten\core.$procmux$3143_CMP0 ($eq).
Removed top 3 bits (of 6) from port B of cell ener_relay.$flatten\core.$procmux$3144_CMP0 ($eq).
Removed top 4 bits (of 6) from port B of cell ener_relay.$flatten\core.$procmux$3145_CMP0 ($eq).
Removed top 4 bits (of 6) from port B of cell ener_relay.$flatten\core.$procmux$3146_CMP0 ($eq).
Removed top 5 bits (of 6) from port B of cell ener_relay.$flatten\core.$procmux$3147_CMP0 ($eq).
Removed top 1 bits (of 3) from port B of cell ener_relay.$flatten\core.$procmux$3163_CMP0 ($eq).
Removed top 1 bits (of 3) from port B of cell ener_relay.$flatten\core.$procmux$3164_CMP0 ($eq).
Removed top 2 bits (of 3) from port B of cell ener_relay.$flatten\core.$procmux$3165_CMP0 ($eq).
Removed top 1 bits (of 6) from port B of cell ener_relay.$flatten\core.$procmux$3200_CMP0 ($eq).
Removed top 1 bits (of 6) from port B of cell ener_relay.$flatten\core.$procmux$3201_CMP0 ($eq).
Removed top 1 bits (of 6) from port B of cell ener_relay.$flatten\core.$procmux$3202_CMP0 ($eq).
Removed top 1 bits (of 6) from port B of cell ener_relay.$flatten\core.$procmux$3203_CMP0 ($eq).
Removed top 1 bits (of 6) from port B of cell ener_relay.$flatten\core.$procmux$3204_CMP0 ($eq).
Removed top 1 bits (of 6) from port B of cell ener_relay.$flatten\core.$procmux$3205_CMP0 ($eq).
Removed top 1 bits (of 6) from port B of cell ener_relay.$flatten\core.$procmux$3206_CMP0 ($eq).
Removed top 1 bits (of 6) from port B of cell ener_relay.$flatten\core.$procmux$3207_CMP0 ($eq).
Removed top 1 bits (of 6) from port B of cell ener_relay.$flatten\core.$procmux$3208_CMP0 ($eq).
Removed top 1 bits (of 6) from port B of cell ener_relay.$flatten\core.$procmux$3209_CMP0 ($eq).
Removed top 1 bits (of 6) from port B of cell ener_relay.$flatten\core.$procmux$3210_CMP0 ($eq).
Removed top 1 bits (of 6) from port B of cell ener_relay.$flatten\core.$procmux$3211_CMP0 ($eq).
Removed top 1 bits (of 6) from port B of cell ener_relay.$flatten\core.$procmux$3212_CMP0 ($eq).
Removed top 1 bits (of 6) from port B of cell ener_relay.$flatten\core.$procmux$3213_CMP0 ($eq).
Removed top 1 bits (of 6) from port B of cell ener_relay.$flatten\core.$procmux$3214_CMP0 ($eq).
Removed top 1 bits (of 6) from port B of cell ener_relay.$flatten\core.$procmux$3215_CMP0 ($eq).
Removed top 2 bits (of 6) from port B of cell ener_relay.$flatten\core.$procmux$3216_CMP0 ($eq).
Removed top 2 bits (of 6) from port B of cell ener_relay.$flatten\core.$procmux$3217_CMP0 ($eq).
Removed top 2 bits (of 6) from port B of cell ener_relay.$flatten\core.$procmux$3218_CMP0 ($eq).
Removed top 2 bits (of 6) from port B of cell ener_relay.$flatten\core.$procmux$3219_CMP0 ($eq).
Removed top 2 bits (of 6) from port B of cell ener_relay.$flatten\core.$procmux$3220_CMP0 ($eq).
Removed top 2 bits (of 6) from port B of cell ener_relay.$flatten\core.$procmux$3221_CMP0 ($eq).
Removed top 2 bits (of 6) from port B of cell ener_relay.$flatten\core.$procmux$3222_CMP0 ($eq).
Removed top 2 bits (of 6) from port B of cell ener_relay.$flatten\core.$procmux$3223_CMP0 ($eq).
Removed top 3 bits (of 6) from port B of cell ener_relay.$flatten\core.$procmux$3224_CMP0 ($eq).
Removed top 3 bits (of 6) from port B of cell ener_relay.$flatten\core.$procmux$3225_CMP0 ($eq).
Removed top 3 bits (of 6) from port B of cell ener_relay.$flatten\core.$procmux$3226_CMP0 ($eq).
Removed top 3 bits (of 6) from port B of cell ener_relay.$flatten\core.$procmux$3227_CMP0 ($eq).
Removed top 4 bits (of 6) from port B of cell ener_relay.$flatten\core.$procmux$3228_CMP0 ($eq).
Removed top 4 bits (of 6) from port B of cell ener_relay.$flatten\core.$procmux$3229_CMP0 ($eq).
Removed top 5 bits (of 6) from port B of cell ener_relay.$flatten\core.$procmux$3230_CMP0 ($eq).
Removed top 1 bits (of 3) from port B of cell ener_relay.$flatten\core.$procmux$3237_CMP0 ($eq).
Removed top 1 bits (of 3) from port B of cell ener_relay.$flatten\core.$procmux$3238_CMP0 ($eq).
Removed top 2 bits (of 3) from port B of cell ener_relay.$flatten\core.$procmux$3239_CMP0 ($eq).
Removed top 1 bits (of 6) from port B of cell ener_relay.$flatten\core.$procmux$880_CMP0 ($eq).
Removed top 1 bits (of 6) from port B of cell ener_relay.$flatten\core.$procmux$890_CMP0 ($eq).
Removed top 1 bits (of 6) from port B of cell ener_relay.$flatten\core.$procmux$900_CMP0 ($eq).
Removed top 1 bits (of 6) from port B of cell ener_relay.$flatten\core.$procmux$907_CMP0 ($eq).
Removed top 1 bits (of 6) from port B of cell ener_relay.$flatten\core.$procmux$917_CMP0 ($eq).
Removed top 1 bits (of 6) from port B of cell ener_relay.$flatten\core.$procmux$927_CMP0 ($eq).
Removed top 1 bits (of 6) from port B of cell ener_relay.$flatten\core.$procmux$934_CMP0 ($eq).
Removed top 1 bits (of 6) from port B of cell ener_relay.$flatten\core.$procmux$944_CMP0 ($eq).
Removed top 1 bits (of 6) from port B of cell ener_relay.$flatten\core.$procmux$954_CMP0 ($eq).
Removed top 1 bits (of 6) from port B of cell ener_relay.$flatten\core.$procmux$961_CMP0 ($eq).
Removed top 1 bits (of 6) from port B of cell ener_relay.$flatten\core.$procmux$971_CMP0 ($eq).
Removed top 1 bits (of 3) from port B of cell ener_relay.$flatten\core.$procmux$979_CMP0 ($eq).
Removed top 1 bits (of 6) from port B of cell ener_relay.$flatten\core.$procmux$981_CMP0 ($eq).
Removed top 2 bits (of 3) from port B of cell ener_relay.$flatten\core.$procmux$982_CMP0 ($eq).
Removed top 1 bits (of 6) from port B of cell ener_relay.$flatten\core.$procmux$988_CMP0 ($eq).
Removed top 6 bits (of 56) from mux cell ener_relay.$procmux$3273 ($mux).
Removed top 14 bits (of 16) from wire ener_relay.$flatten\core.$procmux$2723_Y.
Removed top 6 bits (of 16) from wire ener_relay.$flatten\core.$procmux$2725_Y.
Removed top 2 bits (of 5) from wire ener_relay.$flatten\core.$procmux$2862_Y.
Removed top 2 bits (of 3) from wire ener_relay.$flatten\core.$procmux$2866_Y.
Removed top 1 bits (of 3) from wire ener_relay.$flatten\core.$procmux$2868_Y.
Removed top 1 bits (of 3) from wire ener_relay.$flatten\core.$procmux$2870_Y.
Removed top 1 bits (of 3) from wire ener_relay.$flatten\core.$97.
Removed top 1 bits (of 3) from wire ener_relay.$flatten\core.$86.
Removed top 1 bits (of 17) from wire ener_relay.$flatten\core.$84.
Removed top 1 bits (of 3) from wire ener_relay.$flatten\core.$82.
Removed top 1 bits (of 17) from wire ener_relay.$flatten\core.$80.
Removed top 1 bits (of 3) from wire ener_relay.$flatten\core.$78.
Removed top 1 bits (of 17) from wire ener_relay.$flatten\core.$76.
Removed top 1 bits (of 3) from wire ener_relay.$flatten\core.$74.
Removed top 1 bits (of 17) from wire ener_relay.$flatten\core.$72.
Removed top 1 bits (of 3) from wire ener_relay.$flatten\core.$70.
Removed top 1 bits (of 17) from wire ener_relay.$flatten\core.$68.
Removed top 1 bits (of 3) from wire ener_relay.$flatten\core.$66.
Removed top 1 bits (of 17) from wire ener_relay.$flatten\core.$64.
Removed top 1 bits (of 3) from wire ener_relay.$flatten\core.$62.
Removed top 1 bits (of 17) from wire ener_relay.$flatten\core.$60.
Removed top 1 bits (of 3) from wire ener_relay.$flatten\core.$58.
Removed top 1 bits (of 17) from wire ener_relay.$flatten\core.$56.
Removed top 1 bits (of 17) from wire ener_relay.$flatten\core.$54.
Removed top 1 bits (of 7) from wire ener_relay.$flatten\core.$51.
Removed top 1 bits (of 4) from wire ener_relay.$flatten\core.$12.
Removed top 1 bits (of 4) from wire ener_relay.$flatten\core.$108.
Removed top 1 bits (of 3) from wire ener_relay.$flatten\core.$106.
Removed top 1 bits (of 8) from wire ener_relay.$18.
Removed top 1 bits (of 9) from wire ener_relay.$35.
Removed top 1 bits (of 7) from wire ener_relay.$37.
Removed top 6 bits (of 56) from wire ener_relay.$procmux$3273_Y.
Removed top 6 bits (of 56) from wire ener_relay.$procmux$3275_Y.

4.15. Executing PEEPOPT pass (run peephole optimizers).

4.16. Executing OPT_CLEAN pass (remove unused cells and wires).
Finding unused cells or wires in module \ener_relay..
Removed 0 unused cells and 34 unused wires.
<suppressed ~1 debug messages>

4.17. Executing SHARE pass (SAT-based resource sharing).

4.18. Executing TECHMAP pass (map to technology primitives).

4.18.1. Executing Verilog-2005 frontend: /share/cmp2lut.v
Parsing Verilog input from `/share/cmp2lut.v' to AST representation.
Generating RTLIL representation for module `\_90_lut_cmp_'.
Successfully finished Verilog frontend.

4.18.2. Continuing TECHMAP pass.
Using template $paramod$bf5c01fec04228362742188aac2e9181401f6f79\_90_lut_cmp_ for cells of type $lt.
No more expansions possible.
<suppressed ~505 debug messages>

4.19. Executing OPT_EXPR pass (perform const folding).
Optimizing module ener_relay.

4.20. Executing OPT_CLEAN pass (remove unused cells and wires).
Finding unused cells or wires in module \ener_relay..
Removed 0 unused cells and 6 unused wires.
<suppressed ~1 debug messages>

4.21. Executing ALUMACC pass (create $alu and $macc cells).
Extracting $alu and $macc cells in module ener_relay:
  creating $macc model for $flatten\core.$333 ($add).
  creating $macc model for $flatten\core.$331 ($add).
  creating $macc model for $flatten\core.$322 ($add).
  creating $macc model for $flatten\core.$315 ($sub).
  creating $macc model for $flatten\core.$311 ($sub).
  creating $macc model for $flatten\core.$309 ($sub).
  creating $macc model for $flatten\core.$307 ($sub).
  creating $macc model for $flatten\core.$305 ($sub).
  creating $macc model for $flatten\core.$303 ($sub).
  creating $macc model for $flatten\core.$301 ($sub).
  creating $macc model for $flatten\core.$299 ($sub).
  creating $macc model for $flatten\core.$297 ($sub).
  creating $macc model for $flatten\core.$295 ($sub).
  creating $macc model for $flatten\core.$293 ($sub).
  creating $macc model for $flatten\core.$291 ($sub).
  creating $macc model for $flatten\core.$289 ($sub).
  creating $macc model for $flatten\core.$287 ($sub).
  creating $macc model for $flatten\core.$285 ($sub).
  creating $macc model for $flatten\core.$283 ($sub).
  creating $macc model for $flatten\core.$281 ($sub).
  creating $macc model for $flatten\core.$279 ($add).
  creating $macc model for $flatten\core.$276 ($add).
  creating $macc model for $flatten\core.$237 ($add).
  creating $macc model for $flatten\core.$228 ($add).
  creating $macc model for $flatten\core.$225 ($neg).
  creating $macc model for $80 ($add).
  creating $macc model for $99 ($add).
  creating $alu model for $macc $99.
  creating $alu model for $macc $80.
  creating $alu model for $macc $flatten\core.$228.
  creating $alu model for $macc $flatten\core.$237.
  creating $alu model for $macc $flatten\core.$276.
  creating $alu model for $macc $flatten\core.$279.
  creating $alu model for $macc $flatten\core.$281.
  creating $alu model for $macc $flatten\core.$283.
  creating $alu model for $macc $flatten\core.$285.
  creating $alu model for $macc $flatten\core.$287.
  creating $alu model for $macc $flatten\core.$289.
  creating $alu model for $macc $flatten\core.$291.
  creating $alu model for $macc $flatten\core.$293.
  creating $alu model for $macc $flatten\core.$295.
  creating $alu model for $macc $flatten\core.$297.
  creating $alu model for $macc $flatten\core.$299.
  creating $alu model for $macc $flatten\core.$301.
  creating $alu model for $macc $flatten\core.$303.
  creating $alu model for $macc $flatten\core.$305.
  creating $alu model for $macc $flatten\core.$307.
  creating $alu model for $macc $flatten\core.$309.
  creating $alu model for $macc $flatten\core.$311.
  creating $alu model for $macc $flatten\core.$315.
  creating $alu model for $macc $flatten\core.$322.
  creating $alu model for $macc $flatten\core.$331.
  creating $alu model for $macc $flatten\core.$333.
  creating $macc cell for $flatten\core.$225: $auto$alumacc.cc:399:replace_macc$6473
  creating $alu model for $flatten\core.$327 ($ge): new $alu
  creating $alu model for $flatten\core.$316 ($ge): new $alu
  creating $alu model for $flatten\core.$277 ($ge): new $alu
  creating $alu model for $flatten\core.$269 ($le): new $alu
  creating $alu model for $flatten\core.$261 ($lt): new $alu
  creating $alu model for $flatten\core.$260 ($ge): new $alu
  creating $alu model for $flatten\core.$256 ($lt): new $alu
  creating $alu model for $flatten\core.$254 ($ge): new $alu
  creating $alu model for $flatten\core.$252 ($ge): new $alu
  creating $alu model for $flatten\core.$245 ($le): new $alu
  creating $alu model for $flatten\core.$235 ($ge): new $alu
  creating $alu model for $flatten\core.$234 ($ge): new $alu
  creating $alu model for $flatten\core.$233 ($ge): new $alu
  creating $alu model for $flatten\core.$232 ($ge): new $alu
  creating $alu model for $flatten\core.$231 ($ge): new $alu
  creating $alu model for $flatten\core.$230 ($ge): new $alu
  creating $alu model for $flatten\core.$229 ($ge): new $alu
  creating $alu model for $flatten\core.$224 ($lt): new $alu
  creating $alu model for $79 ($lt): new $alu
  creating $alu cell for $79: $auto$alumacc.cc:548:replace_alu$6493
  creating $alu cell for $flatten\core.$224: $auto$alumacc.cc:548:replace_alu$6498
  creating $alu cell for $flatten\core.$229: $auto$alumacc.cc:548:replace_alu$6505
  creating $alu cell for $flatten\core.$230: $auto$alumacc.cc:548:replace_alu$6518
  creating $alu cell for $flatten\core.$231: $auto$alumacc.cc:548:replace_alu$6531
  creating $alu cell for $flatten\core.$232: $auto$alumacc.cc:548:replace_alu$6544
  creating $alu cell for $flatten\core.$233: $auto$alumacc.cc:548:replace_alu$6557
  creating $alu cell for $flatten\core.$234: $auto$alumacc.cc:548:replace_alu$6570
  creating $alu cell for $flatten\core.$235: $auto$alumacc.cc:548:replace_alu$6583
  creating $alu cell for $flatten\core.$245: $auto$alumacc.cc:548:replace_alu$6596
  creating $alu cell for $flatten\core.$252: $auto$alumacc.cc:548:replace_alu$6605
  creating $alu cell for $flatten\core.$254: $auto$alumacc.cc:548:replace_alu$6618
  creating $alu cell for $flatten\core.$256: $auto$alumacc.cc:548:replace_alu$6631
  creating $alu cell for $flatten\core.$260: $auto$alumacc.cc:548:replace_alu$6636
  creating $alu cell for $flatten\core.$261: $auto$alumacc.cc:548:replace_alu$6649
  creating $alu cell for $flatten\core.$269: $auto$alumacc.cc:548:replace_alu$6654
  creating $alu cell for $flatten\core.$277: $auto$alumacc.cc:548:replace_alu$6663
  creating $alu cell for $flatten\core.$316: $auto$alumacc.cc:548:replace_alu$6676
  creating $alu cell for $flatten\core.$327: $auto$alumacc.cc:548:replace_alu$6691
  creating $alu cell for $flatten\core.$333: $auto$alumacc.cc:548:replace_alu$6704
  creating $alu cell for $flatten\core.$331: $auto$alumacc.cc:548:replace_alu$6707
  creating $alu cell for $flatten\core.$322: $auto$alumacc.cc:548:replace_alu$6710
  creating $alu cell for $flatten\core.$315: $auto$alumacc.cc:548:replace_alu$6713
  creating $alu cell for $flatten\core.$311: $auto$alumacc.cc:548:replace_alu$6716
  creating $alu cell for $flatten\core.$309: $auto$alumacc.cc:548:replace_alu$6719
  creating $alu cell for $flatten\core.$307: $auto$alumacc.cc:548:replace_alu$6722
  creating $alu cell for $flatten\core.$305: $auto$alumacc.cc:548:replace_alu$6725
  creating $alu cell for $flatten\core.$303: $auto$alumacc.cc:548:replace_alu$6728
  creating $alu cell for $flatten\core.$301: $auto$alumacc.cc:548:replace_alu$6731
  creating $alu cell for $flatten\core.$299: $auto$alumacc.cc:548:replace_alu$6734
  creating $alu cell for $flatten\core.$297: $auto$alumacc.cc:548:replace_alu$6737
  creating $alu cell for $flatten\core.$295: $auto$alumacc.cc:548:replace_alu$6740
  creating $alu cell for $flatten\core.$293: $auto$alumacc.cc:548:replace_alu$6743
  creating $alu cell for $flatten\core.$291: $auto$alumacc.cc:548:replace_alu$6746
  creating $alu cell for $flatten\core.$289: $auto$alumacc.cc:548:replace_alu$6749
  creating $alu cell for $flatten\core.$287: $auto$alumacc.cc:548:replace_alu$6752
  creating $alu cell for $flatten\core.$285: $auto$alumacc.cc:548:replace_alu$6755
  creating $alu cell for $flatten\core.$283: $auto$alumacc.cc:548:replace_alu$6758
  creating $alu cell for $flatten\core.$281: $auto$alumacc.cc:548:replace_alu$6761
  creating $alu cell for $flatten\core.$279: $auto$alumacc.cc:548:replace_alu$6764
  creating $alu cell for $flatten\core.$276: $auto$alumacc.cc:548:replace_alu$6767
  creating $alu cell for $flatten\core.$237: $auto$alumacc.cc:548:replace_alu$6770
  creating $alu cell for $flatten\core.$228: $auto$alumacc.cc:548:replace_alu$6773
  creating $alu cell for $80: $auto$alumacc.cc:548:replace_alu$6776
  creating $alu cell for $99: $auto$alumacc.cc:548:replace_alu$6779
  created 45 $alu and 1 $macc cells.

4.22. Executing OPT pass (performing simple optimizations).

4.22.1. Executing OPT_EXPR pass (perform const folding).
Optimizing module ener_relay.
<suppressed ~4 debug messages>

4.22.2. Executing OPT_MERGE pass (detect identical cells).
Finding identical cells in module `\ener_relay'.
Computing hashes of 1912 cells of `\ener_relay'.
Finding duplicate cells in `\ener_relay'.
Computing hashes of 1910 cells of `\ener_relay'.
Finding duplicate cells in `\ener_relay'.
<suppressed ~6 debug messages>
Removed a total of 2 cells.

4.22.3. Executing OPT_MUXTREE pass (detect dead branches in mux trees).
Running muxtree optimizer on module \ener_relay..
  Creating internal representation of mux trees.
  Evaluating internal representation of mux trees.
  Analyzing evaluation results.
Removed 0 multiplexer ports.
<suppressed ~1232 debug messages>

4.22.4. Executing OPT_REDUCE pass (consolidate $*mux and $reduce_* inputs).
  Optimizing cells in module \ener_relay.
Performed a total of 0 changes.

4.22.5. Executing OPT_MERGE pass (detect identical cells).
Finding identical cells in module `\ener_relay'.
Computing hashes of 1910 cells of `\ener_relay'.
Finding duplicate cells in `\ener_relay'.
Removed a total of 0 cells.

4.22.6. Executing OPT_DFF pass (perform DFF optimizations).
Adding EN signal on $auto$ff.cc:337:slice$3877 ($sdffe) from module ener_relay (D = $flatten\core.$procmux$2742_Y [2], Q = \core.errors [2]).
Adding EN signal on $auto$ff.cc:337:slice$3890 ($sdffe) from module ener_relay (D = $flatten\core.$procmux$2742_Y [7], Q = \core.errors [7]).
Adding EN signal on $auto$ff.cc:337:slice$3905 ($sdffe) from module ener_relay (D = $flatten\core.$procmux$2742_Y [6], Q = \core.errors [6]).
Adding EN signal on $auto$ff.cc:337:slice$3918 ($sdffe) from module ener_relay (D = $flatten\core.$procmux$2742_Y [5], Q = \core.errors [5]).
Adding EN signal on $auto$ff.cc:337:slice$3931 ($sdffe) from module ener_relay (D = $flatten\core.$procmux$2742_Y [4], Q = \core.errors [4]).
Adding EN signal on $auto$ff.cc:337:slice$3957 ($sdffe) from module ener_relay (D = $flatten\core.$procmux$2742_Y [1], Q = \core.errors [1]).
Adding EN signal on $auto$ff.cc:337:slice$3944 ($sdffe) from module ener_relay (D = $flatten\core.$procmux$2742_Y [3], Q = \core.errors [3]).
Setting constant 0-bit at position 10 on $auto$ff.cc:337:slice$3973 ($sdffe) from module ener_relay.
Setting constant 0-bit at position 11 on $auto$ff.cc:337:slice$3973 ($sdffe) from module ener_relay.
Setting constant 0-bit at position 12 on $auto$ff.cc:337:slice$3973 ($sdffe) from module ener_relay.
Setting constant 0-bit at position 13 on $auto$ff.cc:337:slice$3973 ($sdffe) from module ener_relay.
Setting constant 0-bit at position 14 on $auto$ff.cc:337:slice$3973 ($sdffe) from module ener_relay.
Setting constant 0-bit at position 15 on $auto$ff.cc:337:slice$3973 ($sdffe) from module ener_relay.

4.22.7. Executing OPT_CLEAN pass (remove unused cells and wires).
Finding unused cells or wires in module \ener_relay..
Removed 2 unused cells and 27 unused wires.
<suppressed ~4 debug messages>

4.22.8. Executing OPT_EXPR pass (perform const folding).
Optimizing module ener_relay.
<suppressed ~7 debug messages>

4.22.9. Rerunning OPT passes. (Maybe there is more to do..)

4.22.10. Executing OPT_MUXTREE pass (detect dead branches in mux trees).
Running muxtree optimizer on module \ener_relay..
  Creating internal representation of mux trees.
  Evaluating internal representation of mux trees.
      Replacing known input bits on port A of cell $flatten\core.$226: { \amplitude [15] \amplitude } -> { 2'00 \amplitude [14:0] }
  Analyzing evaluation results.
Removed 0 multiplexer ports.
<suppressed ~1233 debug messages>

4.22.11. Executing OPT_REDUCE pass (consolidate $*mux and $reduce_* inputs).
  Optimizing cells in module \ener_relay.
    New input vector for $reduce_and cell $auto$opt_dff.cc:337:make_patterns_logic$6875: { $flatten\core.$procmux$1753_CMP \valid $auto$opt_dff.cc:319:make_patterns_logic$3878 $auto$opt_dff.cc:319:make_patterns_logic$3882 $auto$opt_dff.cc:319:make_patterns_logic$3884 $auto$opt_dff.cc:319:make_patterns_logic$3886 $auto$opt_dff.cc:319:make_patterns_logic$3901 $auto$opt_dff.cc:319:make_patterns_logic$6864 $auto$opt_dff.cc:319:make_patterns_logic$6866 $auto$opt_dff.cc:319:make_patterns_logic$6868 $auto$opt_dff.cc:319:make_patterns_logic$6870 $auto$opt_dff.cc:319:make_patterns_logic$6872 }
    New input vector for $reduce_and cell $auto$opt_dff.cc:337:make_patterns_logic$6796: { $flatten\core.$procmux$1753_CMP \valid $auto$opt_dff.cc:319:make_patterns_logic$3878 $auto$opt_dff.cc:319:make_patterns_logic$3880 $auto$opt_dff.cc:319:make_patterns_logic$3882 $auto$opt_dff.cc:319:make_patterns_logic$3884 $auto$opt_dff.cc:319:make_patterns_logic$3886 $auto$opt_dff.cc:319:make_patterns_logic$6785 $auto$opt_dff.cc:319:make_patterns_logic$6787 $auto$opt_dff.cc:319:make_patterns_logic$6789 $auto$opt_dff.cc:319:make_patterns_logic$6791 $auto$opt_dff.cc:319:make_patterns_logic$6793 }
    New input vector for $reduce_and cell $auto$opt_dff.cc:337:make_patterns_logic$6809: { $flatten\core.$procmux$1753_CMP \valid $auto$opt_dff.cc:319:make_patterns_logic$3878 $auto$opt_dff.cc:319:make_patterns_logic$3880 $auto$opt_dff.cc:319:make_patterns_logic$3882 $auto$opt_dff.cc:319:make_patterns_logic$3884 $auto$opt_dff.cc:319:make_patterns_logic$3886 $auto$opt_dff.cc:319:make_patterns_logic$3901 $auto$opt_dff.cc:319:make_patterns_logic$6798 $auto$opt_dff.cc:319:make_patterns_logic$6800 $auto$opt_dff.cc:319:make_patterns_logic$6802 $auto$opt_dff.cc:319:make_patterns_logic$6804 $auto$opt_dff.cc:319:make_patterns_logic$6806 }
    New input vector for $reduce_and cell $auto$opt_dff.cc:337:make_patterns_logic$6823: { $flatten\core.$procmux$1753_CMP \valid $auto$opt_dff.cc:319:make_patterns_logic$3878 $auto$opt_dff.cc:319:make_patterns_logic$3880 $auto$opt_dff.cc:319:make_patterns_logic$3882 $auto$opt_dff.cc:319:make_patterns_logic$3884 $auto$opt_dff.cc:319:make_patterns_logic$3901 $auto$opt_dff.cc:319:make_patterns_logic$6812 $auto$opt_dff.cc:319:make_patterns_logic$6814 $auto$opt_dff.cc:319:make_patterns_logic$6816 $auto$opt_dff.cc:319:make_patterns_logic$6818 $auto$opt_dff.cc:319:make_patterns_logic$6820 }
    New input vector for $reduce_and cell $auto$opt_dff.cc:337:make_patterns_logic$6836: { $flatten\core.$procmux$1753_CMP \valid $auto$opt_dff.cc:319:make_patterns_logic$3878 $auto$opt_dff.cc:319:make_patterns_logic$3880 $auto$opt_dff.cc:319:make_patterns_logic$3882 $auto$opt_dff.cc:319:make_patterns_logic$3886 $auto$opt_dff.cc:319:make_patterns_logic$3901 $auto$opt_dff.cc:319:make_patterns_logic$6825 $auto$opt_dff.cc:319:make_patterns_logic$6827 $auto$opt_dff.cc:319:make_patterns_logic$6829 $auto$opt_dff.cc:319:make_patterns_logic$6831 $auto$opt_dff.cc:319:make_patterns_logic$6833 }
    New input vector for $reduce_and cell $auto$opt_dff.cc:337:make_patterns_logic$6849: { $flatten\core.$procmux$1753_CMP \valid $auto$opt_dff.cc:319:make_patterns_logic$3878 $auto$opt_dff.cc:319:make_patterns_logic$3880 $auto$opt_dff.cc:319:make_patterns_logic$3884 $auto$opt_dff.cc:319:make_patterns_logic$3886 $auto$opt_dff.cc:319:make_patterns_logic$3901 $auto$opt_dff.cc:319:make_patterns_logic$6838 $auto$opt_dff.cc:319:make_patterns_logic$6840 $auto$opt_dff.cc:319:make_patterns_logic$6842 $auto$opt_dff.cc:319:make_patterns_logic$6844 $auto$opt_dff.cc:319:make_patterns_logic$6846 }
    New input vector for $reduce_and cell $auto$opt_dff.cc:337:make_patterns_logic$6862: { $flatten\core.$procmux$1753_CMP \valid $auto$opt_dff.cc:319:make_patterns_logic$3880 $auto$opt_dff.cc:319:make_patterns_logic$3882 $auto$opt_dff.cc:319:make_patterns_logic$3884 $auto$opt_dff.cc:319:make_patterns_logic$3886 $auto$opt_dff.cc:319:make_patterns_logic$3901 $auto$opt_dff.cc:319:make_patterns_logic$6851 $auto$opt_dff.cc:319:make_patterns_logic$6853 $auto$opt_dff.cc:319:make_patterns_logic$6855 $auto$opt_dff.cc:319:make_patterns_logic$6857 $auto$opt_dff.cc:319:make_patterns_logic$6859 }
  Optimizing cells in module \ener_relay.
Performed a total of 7 changes.

4.22.12. Executing OPT_MERGE pass (detect identical cells).
Finding identical cells in module `\ener_relay'.
Computing hashes of 1950 cells of `\ener_relay'.
Finding duplicate cells in `\ener_relay'.
Computing hashes of 1920 cells of `\ener_relay'.
Finding duplicate cells in `\ener_relay'.
<suppressed ~90 debug messages>
Removed a total of 30 cells.

4.22.13. Executing OPT_DFF pass (perform DFF optimizations).
Setting constant 0-bit at position 18 on $auto$ff.cc:337:slice$6434 ($sdffe) from module ener_relay.
Setting constant 0-bit at position 19 on $auto$ff.cc:337:slice$6434 ($sdffe) from module ener_relay.
Setting constant 0-bit at position 20 on $auto$ff.cc:337:slice$6434 ($sdffe) from module ener_relay.
Setting constant 0-bit at position 21 on $auto$ff.cc:337:slice$6434 ($sdffe) from module ener_relay.
Setting constant 0-bit at position 22 on $auto$ff.cc:337:slice$6434 ($sdffe) from module ener_relay.
Setting constant 0-bit at position 23 on $auto$ff.cc:337:slice$6434 ($sdffe) from module ener_relay.

4.22.14. Executing OPT_CLEAN pass (remove unused cells and wires).
Finding unused cells or wires in module \ener_relay..
Removed 6 unused cells and 36 unused wires.
<suppressed ~7 debug messages>

4.22.15. Executing OPT_EXPR pass (perform const folding).
Optimizing module ener_relay.

4.22.16. Rerunning OPT passes. (Maybe there is more to do..)

4.22.17. Executing OPT_MUXTREE pass (detect dead branches in mux trees).
Running muxtree optimizer on module \ener_relay..
  Creating internal representation of mux trees.
  Evaluating internal representation of mux trees.
  Analyzing evaluation results.
Removed 0 multiplexer ports.
<suppressed ~1233 debug messages>

4.22.18. Executing OPT_REDUCE pass (consolidate $*mux and $reduce_* inputs).
  Optimizing cells in module \ener_relay.
Performed a total of 0 changes.

4.22.19. Executing OPT_MERGE pass (detect identical cells).
Finding identical cells in module `\ener_relay'.
Computing hashes of 1914 cells of `\ener_relay'.
Finding duplicate cells in `\ener_relay'.
Removed a total of 0 cells.

4.22.20. Executing OPT_DFF pass (perform DFF optimizations).
Setting constant 0-bit at position 26 on $auto$ff.cc:337:slice$6435 ($sdffe) from module ener_relay.
Setting constant 0-bit at position 27 on $auto$ff.cc:337:slice$6435 ($sdffe) from module ener_relay.
Setting constant 0-bit at position 28 on $auto$ff.cc:337:slice$6435 ($sdffe) from module ener_relay.
Setting constant 0-bit at position 29 on $auto$ff.cc:337:slice$6435 ($sdffe) from module ener_relay.
Setting constant 0-bit at position 30 on $auto$ff.cc:337:slice$6435 ($sdffe) from module ener_relay.
Setting constant 0-bit at position 31 on $auto$ff.cc:337:slice$6435 ($sdffe) from module ener_relay.

4.22.21. Executing OPT_CLEAN pass (remove unused cells and wires).
Finding unused cells or wires in module \ener_relay..

4.22.22. Executing OPT_EXPR pass (perform const folding).
Optimizing module ener_relay.

4.22.23. Rerunning OPT passes. (Maybe there is more to do..)

4.22.24. Executing OPT_MUXTREE pass (detect dead branches in mux trees).
Running muxtree optimizer on module \ener_relay..
  Creating internal representation of mux trees.
  Evaluating internal representation of mux trees.
  Analyzing evaluation results.
Removed 0 multiplexer ports.
<suppressed ~1233 debug messages>

4.22.25. Executing OPT_REDUCE pass (consolidate $*mux and $reduce_* inputs).
  Optimizing cells in module \ener_relay.
Performed a total of 0 changes.

4.22.26. Executing OPT_MERGE pass (detect identical cells).
Finding identical cells in module `\ener_relay'.
Computing hashes of 1914 cells of `\ener_relay'.
Finding duplicate cells in `\ener_relay'.
Removed a total of 0 cells.

4.22.27. Executing OPT_DFF pass (perform DFF optimizations).

4.22.28. Executing OPT_CLEAN pass (remove unused cells and wires).
Finding unused cells or wires in module \ener_relay..

4.22.29. Executing OPT_EXPR pass (perform const folding).
Optimizing module ener_relay.

4.22.30. Finished fast OPT passes. (There is nothing left to do.)

4.23. Executing MEMORY pass.

4.23.1. Executing OPT_MEM pass (optimize memories).
Performed a total of 0 transformations.

4.23.2. Executing OPT_MEM_PRIORITY pass (removing unnecessary memory write priority relations).
Performed a total of 0 transformations.

4.23.3. Executing OPT_MEM_FEEDBACK pass (finding memory read-to-write feedback paths).

4.23.4. Executing MEMORY_BMUX2ROM pass (converting muxes to ROMs).

4.23.5. Executing MEMORY_DFF pass (merging $dff cells to $memrd).

4.23.6. Executing OPT_CLEAN pass (remove unused cells and wires).
Finding unused cells or wires in module \ener_relay..

4.23.7. Executing MEMORY_SHARE pass (consolidating $memrd/$memwr cells).

4.23.8. Executing OPT_MEM_WIDEN pass (optimize memories where all ports are wide).
Performed a total of 0 transformations.

4.23.9. Executing OPT_CLEAN pass (remove unused cells and wires).
Finding unused cells or wires in module \ener_relay..

4.23.10. Executing MEMORY_COLLECT pass (generating $mem cells).

4.24. Executing OPT_CLEAN pass (remove unused cells and wires).
Finding unused cells or wires in module \ener_relay..

4.25. Executing MEMORY_LIBMAP pass (mapping memories to cells).

4.26. Executing TECHMAP pass (map to technology primitives).

4.26.1. Executing Verilog-2005 frontend: /share/ice40/brams_map.v
Parsing Verilog input from `/share/ice40/brams_map.v' to AST representation.
Generating RTLIL representation for module `$__ICE40_RAM4K_'.
Successfully finished Verilog frontend.

4.26.2. Executing Verilog-2005 frontend: /share/ice40/spram_map.v
Parsing Verilog input from `/share/ice40/spram_map.v' to AST representation.
Generating RTLIL representation for module `$__ICE40_SPRAM_'.
Successfully finished Verilog frontend.

4.26.3. Continuing TECHMAP pass.
No more expansions possible.
<suppressed ~4 debug messages>

4.27. Executing ICE40_BRAMINIT pass.

4.28. Executing OPT pass (performing simple optimizations).

4.28.1. Executing OPT_EXPR pass (perform const folding).
Optimizing module ener_relay.
<suppressed ~868 debug messages>

4.28.2. Executing OPT_MERGE pass (detect identical cells).
Finding identical cells in module `\ener_relay'.
Computing hashes of 1221 cells of `\ener_relay'.
Finding duplicate cells in `\ener_relay'.
Computing hashes of 1137 cells of `\ener_relay'.
Finding duplicate cells in `\ener_relay'.
<suppressed ~252 debug messages>
Removed a total of 84 cells.

4.28.3. Executing OPT_DFF pass (perform DFF optimizations).
Adding EN signal on $auto$ff.cc:337:slice$4035 ($sdffe) from module ener_relay (D = $flatten\core.$procmux$2635_Y [2:0], Q = \core.next_tick [2:0]).
Adding EN signal on $auto$ff.cc:337:slice$4051 ($sdffe) from module ener_relay (D = $flatten\core.$procmux$2620_Y, Q = \core.last_0).
Adding EN signal on $auto$ff.cc:337:slice$4069 ($sdffe) from module ener_relay (D = $flatten\core.$procmux$2596_Y, Q = \core.seen_0).
Adding EN signal on $auto$ff.cc:337:slice$4131 ($sdffe) from module ener_relay (D = $flatten\core.$procmux$2523_Y, Q = \core.last_1).
Adding EN signal on $auto$ff.cc:337:slice$4149 ($sdffe) from module ener_relay (D = $flatten\core.$procmux$2499_Y, Q = \core.seen_1).
Adding EN signal on $auto$ff.cc:337:slice$4211 ($sdffe) from module ener_relay (D = $flatten\core.$procmux$2426_Y, Q = \core.last_2).
Adding EN signal on $auto$ff.cc:337:slice$4229 ($sdffe) from module ener_relay (D = $flatten\core.$procmux$2402_Y, Q = \core.seen_2).
Adding EN signal on $auto$ff.cc:337:slice$4291 ($sdffe) from module ener_relay (D = $flatten\core.$procmux$2329_Y, Q = \core.last_3).
Adding EN signal on $auto$ff.cc:337:slice$4309 ($sdffe) from module ener_relay (D = $flatten\core.$procmux$2305_Y, Q = \core.seen_3).
Adding EN signal on $auto$ff.cc:337:slice$4371 ($sdffe) from module ener_relay (D = $flatten\core.$procmux$2232_Y, Q = \core.last_4).
Adding EN signal on $auto$ff.cc:337:slice$4389 ($sdffe) from module ener_relay (D = $flatten\core.$procmux$2208_Y, Q = \core.seen_4).
Adding EN signal on $auto$ff.cc:337:slice$4451 ($sdffe) from module ener_relay (D = $flatten\core.$procmux$2135_Y, Q = \core.last_5).
Adding EN signal on $auto$ff.cc:337:slice$4469 ($sdffe) from module ener_relay (D = $flatten\core.$procmux$2111_Y, Q = \core.seen_5).
Adding EN signal on $auto$ff.cc:337:slice$4531 ($sdffe) from module ener_relay (D = $flatten\core.$procmux$2038_Y, Q = \core.last_6).
Adding EN signal on $auto$ff.cc:337:slice$4549 ($sdffe) from module ener_relay (D = $flatten\core.$procmux$2014_Y, Q = \core.seen_6).
Adding EN signal on $auto$ff.cc:337:slice$4611 ($sdffe) from module ener_relay (D = $flatten\core.$procmux$1941_Y, Q = \core.last_7).
Adding EN signal on $auto$ff.cc:337:slice$4629 ($sdffe) from module ener_relay (D = $flatten\core.$procmux$1917_Y, Q = \core.seen_7).

4.28.4. Executing OPT_CLEAN pass (remove unused cells and wires).
Finding unused cells or wires in module \ener_relay..
Removed 4 unused cells and 850 unused wires.
<suppressed ~5 debug messages>

4.28.5. Rerunning OPT passes. (Removed registers in this run.)

4.28.6. Executing OPT_EXPR pass (perform const folding).
Optimizing module ener_relay.
<suppressed ~18 debug messages>

4.28.7. Executing OPT_MERGE pass (detect identical cells).
Finding identical cells in module `\ener_relay'.
Computing hashes of 1151 cells of `\ener_relay'.
Finding duplicate cells in `\ener_relay'.
Computing hashes of 1129 cells of `\ener_relay'.
Finding duplicate cells in `\ener_relay'.
Computing hashes of 1121 cells of `\ener_relay'.
Finding duplicate cells in `\ener_relay'.
<suppressed ~90 debug messages>
Removed a total of 30 cells.

4.28.8. Executing OPT_DFF pass (perform DFF optimizations).

4.28.9. Executing OPT_CLEAN pass (remove unused cells and wires).
Finding unused cells or wires in module \ener_relay..
Removed 0 unused cells and 47 unused wires.
<suppressed ~1 debug messages>

4.28.10. Finished fast OPT passes.

4.29. Executing MEMORY_MAP pass (converting memories to logic and flip-flops).

4.30. Executing OPT pass (performing simple optimizations).

4.30.1. Executing OPT_EXPR pass (perform const folding).
Optimizing module ener_relay.

4.30.2. Executing OPT_MERGE pass (detect identical cells).
Finding identical cells in module `\ener_relay'.
Computing hashes of 1121 cells of `\ener_relay'.
Finding duplicate cells in `\ener_relay'.
Removed a total of 0 cells.

4.30.3. Executing OPT_MUXTREE pass (detect dead branches in mux trees).
Running muxtree optimizer on module \ener_relay..
  Creating internal representation of mux trees.
  Evaluating internal representation of mux trees.
  Analyzing evaluation results.
Removed 0 multiplexer ports.
<suppressed ~174 debug messages>

4.30.4. Executing OPT_REDUCE pass (consolidate $*mux and $reduce_* inputs).
  Optimizing cells in module \ener_relay.
    New input vector for $reduce_and cell $auto$opt_dff.cc:337:make_patterns_logic$7067: { $auto$opt_dff.cc:319:make_patterns_logic$3996 $auto$opt_dff.cc:319:make_patterns_logic$3998 $auto$opt_dff.cc:319:make_patterns_logic$4004 $auto$opt_dff.cc:319:make_patterns_logic$4056 $auto$opt_dff.cc:319:make_patterns_logic$4058 $auto$opt_dff.cc:319:make_patterns_logic$4060 $auto$opt_dff.cc:319:make_patterns_logic$7064 }
    New input vector for $reduce_and cell $auto$opt_dff.cc:337:make_patterns_logic$7032: { $auto$opt_dff.cc:319:make_patterns_logic$3996 $auto$opt_dff.cc:319:make_patterns_logic$3998 $auto$opt_dff.cc:319:make_patterns_logic$4004 $auto$opt_dff.cc:319:make_patterns_logic$4056 $auto$opt_dff.cc:319:make_patterns_logic$4058 $auto$opt_dff.cc:319:make_patterns_logic$4060 $auto$opt_dff.cc:319:make_patterns_logic$7024 }
    New input vector for $reduce_and cell $auto$opt_dff.cc:337:make_patterns_logic$6991: { $auto$opt_dff.cc:319:make_patterns_logic$3996 $auto$opt_dff.cc:319:make_patterns_logic$3998 $auto$opt_dff.cc:319:make_patterns_logic$4004 $auto$opt_dff.cc:319:make_patterns_logic$4040 $auto$opt_dff.cc:319:make_patterns_logic$4042 $auto$opt_dff.cc:319:make_patterns_logic$6988 }
    New input vector for $reduce_and cell $auto$opt_dff.cc:337:make_patterns_logic$7002: { $auto$opt_dff.cc:319:make_patterns_logic$3996 $auto$opt_dff.cc:319:make_patterns_logic$3998 $auto$opt_dff.cc:319:make_patterns_logic$4004 $auto$opt_dff.cc:319:make_patterns_logic$4056 $auto$opt_dff.cc:319:make_patterns_logic$4058 $auto$opt_dff.cc:319:make_patterns_logic$4060 $auto$opt_dff.cc:319:make_patterns_logic$6994 }
    New input vector for $reduce_and cell $auto$opt_dff.cc:337:make_patterns_logic$7047: { $auto$opt_dff.cc:319:make_patterns_logic$3996 $auto$opt_dff.cc:319:make_patterns_logic$3998 $auto$opt_dff.cc:319:make_patterns_logic$4004 $auto$opt_dff.cc:319:make_patterns_logic$4056 $auto$opt_dff.cc:319:make_patterns_logic$4058 $auto$opt_dff.cc:319:make_patterns_logic$4060 $auto$opt_dff.cc:319:make_patterns_logic$7044 }
    New input vector for $reduce_and cell $auto$opt_dff.cc:337:make_patterns_logic$7017: { $auto$opt_dff.cc:319:make_patterns_logic$3996 $auto$opt_dff.cc:319:make_patterns_logic$3998 $auto$opt_dff.cc:319:make_patterns_logic$4004 $auto$opt_dff.cc:319:make_patterns_logic$4056 $auto$opt_dff.cc:319:make_patterns_logic$4058 $auto$opt_dff.cc:319:make_patterns_logic$4060 $auto$opt_dff.cc:319:make_patterns_logic$7014 }
    New input vector for $reduce_and cell $auto$opt_dff.cc:337:make_patterns_logic$7042: { $auto$opt_dff.cc:319:make_patterns_logic$3996 $auto$opt_dff.cc:319:make_patterns_logic$3998 $auto$opt_dff.cc:319:make_patterns_logic$4004 $auto$opt_dff.cc:319:make_patterns_logic$4056 $auto$opt_dff.cc:319:make_patterns_logic$4058 $auto$opt_dff.cc:319:make_patterns_logic$4060 $auto$opt_dff.cc:319:make_patterns_logic$7034 }
    New input vector for $reduce_and cell $auto$opt_dff.cc:337:make_patterns_logic$7057: { $auto$opt_dff.cc:319:make_patterns_logic$3996 $auto$opt_dff.cc:319:make_patterns_logic$3998 $auto$opt_dff.cc:319:make_patterns_logic$4004 $auto$opt_dff.cc:319:make_patterns_logic$4056 $auto$opt_dff.cc:319:make_patterns_logic$4058 $auto$opt_dff.cc:319:make_patterns_logic$4060 $auto$opt_dff.cc:319:make_patterns_logic$7054 }
    New input vector for $reduce_and cell $auto$opt_dff.cc:337:make_patterns_logic$7012: { $auto$opt_dff.cc:319:make_patterns_logic$3996 $auto$opt_dff.cc:319:make_patterns_logic$3998 $auto$opt_dff.cc:319:make_patterns_logic$4004 $auto$opt_dff.cc:319:make_patterns_logic$4056 $auto$opt_dff.cc:319:make_patterns_logic$4058 $auto$opt_dff.cc:319:make_patterns_logic$4060 $auto$opt_dff.cc:319:make_patterns_logic$7004 }
    Consolidated identical input bits for $pmux cell $flatten\core.$procmux$2725:
      Old ports: A=10'0000000000, B={ 18'100000000100000000 $auto$wreduce.cc:514:run$6436 [1:0] }, Y=$auto$wreduce.cc:514:run$6437 [9:0]
      New ports: A=3'000, B={ 4'1010 $auto$wreduce.cc:514:run$6436 [1:0] }, Y={ $auto$wreduce.cc:514:run$6437 [9] $auto$wreduce.cc:514:run$6437 [1:0] }
      New connections: $auto$wreduce.cc:514:run$6437 [8:2] = 7'0000000
    Consolidated identical input bits for $mux cell $flatten\core.$procmux$2740:
      Old ports: A=8'xx1xxxxx, B={ 7'x $flatten\core.$procmux$2736_Y [0] }, Y=$flatten\core.$procmux$2740_Y
      New ports: A=2'1x, B={ 1'x $flatten\core.$procmux$2736_Y [0] }, Y={ $flatten\core.$procmux$2740_Y [5] $flatten\core.$procmux$2740_Y [0] }
      New connections: { $flatten\core.$procmux$2740_Y [7:6] $flatten\core.$procmux$2740_Y [4:1] } = 6'x
    Consolidated identical input bits for $mux cell $flatten\core.$procmux$2745:
      Old ports: A=8'xxx1xxxx, B={ 7'x $flatten\core.$procmux$2736_Y [0] }, Y=$flatten\core.$procmux$2745_Y
      New ports: A=2'1x, B={ 1'x $flatten\core.$procmux$2736_Y [0] }, Y={ $flatten\core.$procmux$2745_Y [4] $flatten\core.$procmux$2745_Y [0] }
      New connections: { $flatten\core.$procmux$2745_Y [7:5] $flatten\core.$procmux$2745_Y [3:1] } = 6'x
    Consolidated identical input bits for $mux cell $flatten\core.$procmux$2752:
      Old ports: A=8'xxxxx1xx, B={ 7'x $flatten\core.$procmux$2736_Y [0] }, Y=$flatten\core.$procmux$2752_Y
      New ports: A=2'1x, B={ 1'x $flatten\core.$procmux$2736_Y [0] }, Y={ $flatten\core.$procmux$2752_Y [2] $flatten\core.$procmux$2752_Y [0] }
      New connections: { $flatten\core.$procmux$2752_Y [7:3] $flatten\core.$procmux$2752_Y [1] } = 6'x
    Consolidated identical input bits for $mux cell $flatten\core.$procmux$2756:
      Old ports: A=8'xxxxxx1x, B=8'00000000, Y=$flatten\core.$procmux$2756_Y
      New ports: A=2'1x, B=2'00, Y=$flatten\core.$procmux$2756_Y [1:0]
      New connections: $flatten\core.$procmux$2756_Y [7:2] = { $flatten\core.$procmux$2756_Y [0] $flatten\core.$procmux$2756_Y [0] $flatten\core.$procmux$2756_Y [0] $flatten\core.$procmux$2756_Y [0] $flatten\core.$procmux$2756_Y [0] $flatten\core.$procmux$2756_Y [0] }
    Consolidated identical input bits for $mux cell $flatten\core.$procmux$1845:
      Old ports: A=3'001, B=3'010, Y=$flatten\core.$procmux$1845_Y
      New ports: A=2'01, B=2'10, Y=$flatten\core.$procmux$1845_Y [1:0]
      New connections: $flatten\core.$procmux$1845_Y [2] = 1'0
    Consolidated identical input bits for $mux cell $flatten\core.$procmux$1830:
      Old ports: A=3'000, B=3'100, Y=$flatten\core.$procmux$1830_Y
      New ports: A=1'0, B=1'1, Y=$flatten\core.$procmux$1830_Y [2]
      New connections: $flatten\core.$procmux$1830_Y [1:0] = 2'00
    New ctrl vector for $pmux cell $flatten\core.$procmux$1826: { $auto$opt_reduce.cc:137:opt_pmux$7074 $flatten\core.$procmux$1006_CMP $flatten\core.$procmux$1838_CMP }
    Consolidated identical input bits for $mux cell $flatten\core.$procmux$2862:
      Old ports: A=3'000, B=3'100, Y=$auto$wreduce.cc:514:run$6438 [2:0]
      New ports: A=1'0, B=1'1, Y=$auto$wreduce.cc:514:run$6438 [2]
      New connections: $auto$wreduce.cc:514:run$6438 [1:0] = 2'00
    Consolidated identical input bits for $mux cell $flatten\core.$procmux$2864:
      Old ports: A={ 2'00 $auto$wreduce.cc:514:run$6438 [2:0] }, B=5'10000, Y=\core.weight
      New ports: A={ 1'0 $auto$wreduce.cc:514:run$6438 [2:0] }, B=4'1000, Y={ \core.weight [4] \core.weight [2:0] }
      New connections: \core.weight [3] = 1'0
    Consolidated identical input bits for $mux cell $flatten\core.$procmux$2748:
      Old ports: A={ 7'x $flatten\core.$procmux$2736_Y [0] }, B=8'xxxx1xxx, Y=$flatten\core.$procmux$2748_Y
      New ports: A={ 1'x $flatten\core.$procmux$2736_Y [0] }, B=2'1x, Y={ $flatten\core.$procmux$2748_Y [3] $flatten\core.$procmux$2748_Y [0] }
      New connections: { $flatten\core.$procmux$2748_Y [7:4] $flatten\core.$procmux$2748_Y [2:1] } = 6'x
    Consolidated identical input bits for $mux cell $flatten\core.$procmux$2635:
      Old ports: A=16'0000001111101000, B={ $auto$wreduce.cc:514:run$6459 [15:3] 3'x }, Y=$flatten\core.$procmux$2635_Y
      New ports: A=14'00000011111010, B={ $auto$wreduce.cc:514:run$6459 [15:3] 1'x }, Y={ $flatten\core.$procmux$2635_Y [15:3] $flatten\core.$procmux$2635_Y [0] }
      New connections: $flatten\core.$procmux$2635_Y [2:1] = { $flatten\core.$procmux$2635_Y [0] $flatten\core.$procmux$2635_Y [0] }
    Consolidated identical input bits for $mux cell $63:
      Old ports: A=3'000, B=3'111, Y={ $3 [2:1] \crc_next [0] }
      New ports: A=1'0, B=1'1, Y=\crc_next [0]
      New connections: $3 [2:1] = { \crc_next [0] \crc_next [0] }
    Consolidated identical input bits for $mux cell $96:
      Old ports: A=3'000, B=3'111, Y=$34
      New ports: A=1'0, B=1'1, Y=$34 [0]
      New connections: $34 [2:1] = { $34 [0] $34 [0] }
    Consolidated identical input bits for $mux cell $procmux$3335:
      Old ports: A={ 63'x \$signal$15 [0] }, B={ 6'000000 \reply_word [57:32] 6'000000 \reply_word [25:0] }, Y=$procmux$3335_Y
      New ports: A={ 52'x \$signal$15 [0] }, B={ \reply_word [57:32] 1'0 \reply_word [25:0] }, Y={ $procmux$3335_Y [57:32] $procmux$3335_Y [26:0] }
      New connections: { $procmux$3335_Y [63:58] $procmux$3335_Y [31:27] } = { $procmux$3335_Y [26] $procmux$3335_Y [26] $procmux$3335_Y [26] $procmux$3335_Y [26] $procmux$3335_Y [26] $procmux$3335_Y [26] $procmux$3335_Y [26] $procmux$3335_Y [26] $procmux$3335_Y [26] $procmux$3335_Y [26] $procmux$3335_Y [26] }
  Optimizing cells in module \ener_relay.
    Consolidated identical input bits for $mux cell $flatten\core.$procmux$1832:
      Old ports: A=3'000, B=$flatten\core.$procmux$1830_Y, Y=$flatten\core.$procmux$1832_Y
      New ports: A=1'0, B=$flatten\core.$procmux$1830_Y [2], Y=$flatten\core.$procmux$1832_Y [2]
      New connections: $flatten\core.$procmux$1832_Y [1:0] = 2'00
    Consolidated identical input bits for $mux cell $flatten\core.$procmux$2864:
      Old ports: A={ 1'0 $auto$wreduce.cc:514:run$6438 [2:0] }, B=4'1000, Y={ \core.weight [4] \core.weight [2:0] }
      New ports: A={ 1'0 $auto$wreduce.cc:514:run$6438 [2] }, B=2'10, Y={ \core.weight [4] \core.weight [2] }
      New connections: \core.weight [1:0] = 2'00
  Optimizing cells in module \ener_relay.
Performed a total of 26 changes.

4.30.5. Executing OPT_MERGE pass (detect identical cells).
Finding identical cells in module `\ener_relay'.
Computing hashes of 1122 cells of `\ener_relay'.
Finding duplicate cells in `\ener_relay'.
Removed a total of 0 cells.

4.30.6. Executing OPT_DFF pass (perform DFF optimizations).

4.30.7. Executing OPT_CLEAN pass (remove unused cells and wires).
Finding unused cells or wires in module \ener_relay..
Removed 1 unused cells and 2 unused wires.
<suppressed ~2 debug messages>

4.30.8. Executing OPT_EXPR pass (perform const folding).
Optimizing module ener_relay.
<suppressed ~2 debug messages>

4.30.9. Rerunning OPT passes. (Maybe there is more to do..)

4.30.10. Executing OPT_MUXTREE pass (detect dead branches in mux trees).
Running muxtree optimizer on module \ener_relay..
  Creating internal representation of mux trees.
  Evaluating internal representation of mux trees.
  Analyzing evaluation results.
Removed 0 multiplexer ports.
<suppressed ~174 debug messages>

4.30.11. Executing OPT_REDUCE pass (consolidate $*mux and $reduce_* inputs).
  Optimizing cells in module \ener_relay.
Performed a total of 0 changes.

4.30.12. Executing OPT_MERGE pass (detect identical cells).
Finding identical cells in module `\ener_relay'.
Computing hashes of 1121 cells of `\ener_relay'.
Finding duplicate cells in `\ener_relay'.
Removed a total of 0 cells.

4.30.13. Executing OPT_DFF pass (perform DFF optimizations).
Setting constant 0-bit at position 2 on $auto$ff.cc:337:slice$6876 ($sdffe) from module ener_relay.
Setting constant 0-bit at position 3 on $auto$ff.cc:337:slice$6876 ($sdffe) from module ener_relay.
Setting constant 0-bit at position 4 on $auto$ff.cc:337:slice$6876 ($sdffe) from module ener_relay.
Setting constant 0-bit at position 5 on $auto$ff.cc:337:slice$6876 ($sdffe) from module ener_relay.
Setting constant 0-bit at position 6 on $auto$ff.cc:337:slice$6876 ($sdffe) from module ener_relay.
Setting constant 0-bit at position 7 on $auto$ff.cc:337:slice$6876 ($sdffe) from module ener_relay.
Setting constant 0-bit at position 8 on $auto$ff.cc:337:slice$6876 ($sdffe) from module ener_relay.

4.30.14. Executing OPT_CLEAN pass (remove unused cells and wires).
Finding unused cells or wires in module \ener_relay..

4.30.15. Executing OPT_EXPR pass (perform const folding).
Optimizing module ener_relay.

4.30.16. Rerunning OPT passes. (Maybe there is more to do..)

4.30.17. Executing OPT_MUXTREE pass (detect dead branches in mux trees).
Running muxtree optimizer on module \ener_relay..
  Creating internal representation of mux trees.
  Evaluating internal representation of mux trees.
  Analyzing evaluation results.
Removed 0 multiplexer ports.
<suppressed ~174 debug messages>

4.30.18. Executing OPT_REDUCE pass (consolidate $*mux and $reduce_* inputs).
  Optimizing cells in module \ener_relay.
Performed a total of 0 changes.

4.30.19. Executing OPT_MERGE pass (detect identical cells).
Finding identical cells in module `\ener_relay'.
Computing hashes of 1121 cells of `\ener_relay'.
Finding duplicate cells in `\ener_relay'.
Removed a total of 0 cells.

4.30.20. Executing OPT_DFF pass (perform DFF optimizations).
Setting constant 0-bit at position 10 on $auto$ff.cc:337:slice$6877 ($sdffe) from module ener_relay.
Setting constant 0-bit at position 11 on $auto$ff.cc:337:slice$6877 ($sdffe) from module ener_relay.
Setting constant 0-bit at position 12 on $auto$ff.cc:337:slice$6877 ($sdffe) from module ener_relay.
Setting constant 0-bit at position 13 on $auto$ff.cc:337:slice$6877 ($sdffe) from module ener_relay.
Setting constant 0-bit at position 14 on $auto$ff.cc:337:slice$6877 ($sdffe) from module ener_relay.
Setting constant 0-bit at position 15 on $auto$ff.cc:337:slice$6877 ($sdffe) from module ener_relay.
Setting constant 0-bit at position 16 on $auto$ff.cc:337:slice$6877 ($sdffe) from module ener_relay.

4.30.21. Executing OPT_CLEAN pass (remove unused cells and wires).
Finding unused cells or wires in module \ener_relay..

4.30.22. Executing OPT_EXPR pass (perform const folding).
Optimizing module ener_relay.

4.30.23. Rerunning OPT passes. (Maybe there is more to do..)

4.30.24. Executing OPT_MUXTREE pass (detect dead branches in mux trees).
Running muxtree optimizer on module \ener_relay..
  Creating internal representation of mux trees.
  Evaluating internal representation of mux trees.
  Analyzing evaluation results.
Removed 0 multiplexer ports.
<suppressed ~174 debug messages>

4.30.25. Executing OPT_REDUCE pass (consolidate $*mux and $reduce_* inputs).
  Optimizing cells in module \ener_relay.
Performed a total of 0 changes.

4.30.26. Executing OPT_MERGE pass (detect identical cells).
Finding identical cells in module `\ener_relay'.
Computing hashes of 1121 cells of `\ener_relay'.
Finding duplicate cells in `\ener_relay'.
Removed a total of 0 cells.

4.30.27. Executing OPT_DFF pass (perform DFF optimizations).
Setting constant 0-bit at position 18 on $auto$ff.cc:337:slice$6878 ($sdffe) from module ener_relay.
Setting constant 0-bit at position 19 on $auto$ff.cc:337:slice$6878 ($sdffe) from module ener_relay.
Setting constant 0-bit at position 20 on $auto$ff.cc:337:slice$6878 ($sdffe) from module ener_relay.
Setting constant 0-bit at position 21 on $auto$ff.cc:337:slice$6878 ($sdffe) from module ener_relay.
Setting constant 0-bit at position 22 on $auto$ff.cc:337:slice$6878 ($sdffe) from module ener_relay.
Setting constant 0-bit at position 23 on $auto$ff.cc:337:slice$6878 ($sdffe) from module ener_relay.
Setting constant 0-bit at position 24 on $auto$ff.cc:337:slice$6878 ($sdffe) from module ener_relay.

4.30.28. Executing OPT_CLEAN pass (remove unused cells and wires).
Finding unused cells or wires in module \ener_relay..

4.30.29. Executing OPT_EXPR pass (perform const folding).
Optimizing module ener_relay.

4.30.30. Rerunning OPT passes. (Maybe there is more to do..)

4.30.31. Executing OPT_MUXTREE pass (detect dead branches in mux trees).
Running muxtree optimizer on module \ener_relay..
  Creating internal representation of mux trees.
  Evaluating internal representation of mux trees.
  Analyzing evaluation results.
Removed 0 multiplexer ports.
<suppressed ~174 debug messages>

4.30.32. Executing OPT_REDUCE pass (consolidate $*mux and $reduce_* inputs).
  Optimizing cells in module \ener_relay.
    Consolidated identical input bits for $mux cell $procmux$3335:
      Old ports: A={ 52'x \$signal$15 [0] }, B={ \reply_word [57:32] 1'0 \reply_word [25] 7'0000000 \reply_word [17:0] }, Y={ $procmux$3335_Y [57:32] $procmux$3335_Y [26:0] }
      New ports: A={ 45'x \$signal$15 [0] }, B={ \reply_word [57:32] \reply_word [25] 1'0 \reply_word [17:0] }, Y={ $procmux$3335_Y [57:32] $procmux$3335_Y [25] $procmux$3335_Y [18:0] }
      New connections: { $procmux$3335_Y [26] $procmux$3335_Y [24:19] } = { $procmux$3335_Y [18] $procmux$3335_Y [18] $procmux$3335_Y [18] $procmux$3335_Y [18] $procmux$3335_Y [18] $procmux$3335_Y [18] $procmux$3335_Y [18] }
  Optimizing cells in module \ener_relay.
Performed a total of 1 changes.

4.30.33. Executing OPT_MERGE pass (detect identical cells).
Finding identical cells in module `\ener_relay'.
Computing hashes of 1121 cells of `\ener_relay'.
Finding duplicate cells in `\ener_relay'.
Removed a total of 0 cells.

4.30.34. Executing OPT_DFF pass (perform DFF optimizations).

4.30.35. Executing OPT_CLEAN pass (remove unused cells and wires).
Finding unused cells or wires in module \ener_relay..

4.30.36. Executing OPT_EXPR pass (perform const folding).
Optimizing module ener_relay.

4.30.37. Rerunning OPT passes. (Maybe there is more to do..)

4.30.38. Executing OPT_MUXTREE pass (detect dead branches in mux trees).
Running muxtree optimizer on module \ener_relay..
  Creating internal representation of mux trees.
  Evaluating internal representation of mux trees.
  Analyzing evaluation results.
Removed 0 multiplexer ports.
<suppressed ~174 debug messages>

4.30.39. Executing OPT_REDUCE pass (consolidate $*mux and $reduce_* inputs).
  Optimizing cells in module \ener_relay.
Performed a total of 0 changes.

4.30.40. Executing OPT_MERGE pass (detect identical cells).
Finding identical cells in module `\ener_relay'.
Computing hashes of 1121 cells of `\ener_relay'.
Finding duplicate cells in `\ener_relay'.
Removed a total of 0 cells.

4.30.41. Executing OPT_DFF pass (perform DFF optimizations).

4.30.42. Executing OPT_CLEAN pass (remove unused cells and wires).
Finding unused cells or wires in module \ener_relay..

4.30.43. Executing OPT_EXPR pass (perform const folding).
Optimizing module ener_relay.

4.30.44. Finished fast OPT passes. (There is nothing left to do.)

4.31. Executing ICE40_WRAPCARRY pass (wrap carries).

4.32. Executing TECHMAP pass (map to technology primitives).

4.32.1. Executing Verilog-2005 frontend: /share/techmap.v
Parsing Verilog input from `/share/techmap.v' to AST representation.
Generating RTLIL representation for module `\_90_simplemap_bool_ops'.
Generating RTLIL representation for module `\_90_simplemap_reduce_ops'.
Generating RTLIL representation for module `\_90_simplemap_logic_ops'.
Generating RTLIL representation for module `\_90_simplemap_compare_ops'.
Generating RTLIL representation for module `\_90_simplemap_various'.
Generating RTLIL representation for module `\_90_simplemap_registers'.
Generating RTLIL representation for module `\_90_shift_ops_shr_shl_sshl_sshr'.
Generating RTLIL representation for module `\_90_shift_shiftx'.
Generating RTLIL representation for module `\_90_fa'.
Generating RTLIL representation for module `\_90_lcu_brent_kung'.
Generating RTLIL representation for module `\_90_alu'.
Generating RTLIL representation for module `\_90_macc'.
Generating RTLIL representation for module `\_90_alumacc'.
Generating RTLIL representation for module `$__div_mod_u'.
Generating RTLIL representation for module `$__div_mod_trunc'.
Generating RTLIL representation for module `\_90_div'.
Generating RTLIL representation for module `\_90_mod'.
Generating RTLIL representation for module `$__div_mod_floor'.
Generating RTLIL representation for module `\_90_divfloor'.
Generating RTLIL representation for module `\_90_modfloor'.
Generating RTLIL representation for module `\_90_pow'.
Generating RTLIL representation for module `\_90_demux'.
Generating RTLIL representation for module `\_90_lut'.
Generating RTLIL representation for module `$connect'.
Generating RTLIL representation for module `$input_port'.
Successfully finished Verilog frontend.

4.32.2. Executing Verilog-2005 frontend: /share/ice40/arith_map.v
Parsing Verilog input from `/share/ice40/arith_map.v' to AST representation.
Generating RTLIL representation for module `\_80_ice40_alu'.
Successfully finished Verilog frontend.

4.32.3. Continuing TECHMAP pass.
Using extmapper simplemap for cells of type $sdffe.
Using extmapper simplemap for cells of type $reduce_or.
Using extmapper simplemap for cells of type $reduce_and.
Using extmapper simplemap for cells of type $ne.
Using extmapper simplemap for cells of type $not.
Using extmapper simplemap for cells of type $xor.
Using template $paramod$32efbfac1c4dc57230cf86180788fdfd12e3b511\_80_ice40_alu for cells of type $alu.
Using template $paramod$103b4016182df467cceab67bcf3e18e6361ec0fd\_80_ice40_alu for cells of type $alu.
Using template $paramod$3da85db3dcf0275c158912032f83713c07b5c922\_80_ice40_alu for cells of type $alu.
Using template $paramod$3ef7d3dd227da7627a99c5e5a6a4deb817573e39\_80_ice40_alu for cells of type $alu.
Using template $paramod$b17027b2967ef1d90be228d723f0152c5776720c\_80_ice40_alu for cells of type $alu.
Using template $paramod$a9c900cfac70fce03c31ed9e1b8decb8a10ccec8\_80_ice40_alu for cells of type $alu.
Using template $paramod$ba698a254f9a5947e85cbe7beae6b161eefc5386\_90_alu for cells of type $alu.
Using template $paramod$081ba1a4a7201ecdb44563d3c3bd7013d1ebf4eb\_80_ice40_alu for cells of type $alu.
Using template $paramod$175e67c02b86e96b1288b9dc100122520d7240d8\_90_alu for cells of type $alu.
Using extmapper simplemap for cells of type $or.
Using template $paramod$5e6c8fc6a3c38b75d4f7296fe88fe2272db87204\_80_ice40_alu for cells of type $alu.
Using template $paramod$8e3a5cb5a81e6f8f7a30ebde9f023989d84eab8b\_80_ice40_alu for cells of type $alu.
Using template $paramod$6df0329addda9228fcc2546de2aaf14ad26c98e1\_80_ice40_alu for cells of type $alu.
Using template $paramod$fc972a7a46956c1788f3cb5257b53c8f1df2d0cc\_90_alu for cells of type $alu.
Using template $paramod$ee3d784672cdb1cb32d9a801a3af776716f16b74\_80_ice40_alu for cells of type $alu.
Using template $paramod$dc04b7d98e503a7bab16fce2df70e6e2c5ca34d6\_80_ice40_alu for cells of type $alu.
Using template $paramod$403a3c2fa431a154c52a6a5429d7a6260b5d144f\_80_ice40_alu for cells of type $alu.
Using template $paramod$67e8f4b8dba01cd3d8fc718acd02276257d102de\_80_ice40_alu for cells of type $alu.
Using template $paramod$091610cd349a68bd5539cffd7126f0d76e9bca00\_80_ice40_alu for cells of type $alu.
Using template $paramod$dac0985ff93ad05fcfcbfe350fa561701ca0a85e\_80_ice40_alu for cells of type $alu.
Using template $paramod$8441c334d863ed42b55f25e60c0d690241b4051f\_80_ice40_alu for cells of type $alu.
Using template $paramod$fbadcce35c416865111386e0e7548456a8b66efc\_80_ice40_alu for cells of type $alu.
Using template $paramod$d13448974efb4c1a249f98fb9bace9105e9ded7f\_80_ice40_alu for cells of type $alu.
Using template $paramod$dbcdc7e8aa1a4080cea2deda6fdc8772064f4d90\_80_ice40_alu for cells of type $alu.
Using extmapper maccmap for cells of type $macc_v2.
  sub \amplitude (16 bits, signed)
Using extmapper simplemap for cells of type $reduce_bool.
Using extmapper simplemap for cells of type $sdff.
Using extmapper simplemap for cells of type $mux.
Using extmapper simplemap for cells of type $and.
Using extmapper simplemap for cells of type $eq.
Using extmapper simplemap for cells of type $logic_not.
Using extmapper simplemap for cells of type $dff.
Using extmapper simplemap for cells of type $lut.
Using extmapper simplemap for cells of type $pmux.
Using template $paramod$3bb72ad0665cdca279bbc49ed6a39f403f16497f\_80_ice40_alu for cells of type $alu.
Using extmapper simplemap for cells of type $pos.
Using template $paramod\_90_fa\WIDTH=32'00000000000000000000000000000010 for cells of type $fa.
Using template $paramod\_90_lcu_brent_kung\WIDTH=32'00000000000000000000000000000010 for cells of type $lcu.
Using template $paramod\_90_fa\WIDTH=32'00000000000000000000000000000001 for cells of type $fa.
Using template $paramod\_90_lcu_brent_kung\WIDTH=32'00000000000000000000000000000001 for cells of type $lcu.
No more expansions possible.
<suppressed ~2293 debug messages>

4.33. Executing OPT pass (performing simple optimizations).

4.33.1. Executing OPT_EXPR pass (perform const folding).
Optimizing module ener_relay.
<suppressed ~3673 debug messages>

4.33.2. Executing OPT_MERGE pass (detect identical cells).
Finding identical cells in module `\ener_relay'.
Computing hashes of 8515 cells of `\ener_relay'.
Finding duplicate cells in `\ener_relay'.
Computing hashes of 6927 cells of `\ener_relay'.
Finding duplicate cells in `\ener_relay'.
Computing hashes of 6228 cells of `\ener_relay'.
Finding duplicate cells in `\ener_relay'.
Computing hashes of 6035 cells of `\ener_relay'.
Finding duplicate cells in `\ener_relay'.
<suppressed ~7440 debug messages>
Removed a total of 2480 cells.

4.33.3. Executing OPT_DFF pass (perform DFF optimizations).
Adding SRST signal on $auto$ff.cc:337:slice$11288 ($_SDFF_PP0_) from module ener_relay (D = $auto$simplemap.cc:189:logic_reduce$14302, Q = \core.reply, rval = 1'0).

4.33.4. Executing OPT_CLEAN pass (remove unused cells and wires).
Finding unused cells or wires in module \ener_relay..
Removed 191 unused cells and 4133 unused wires.
<suppressed ~192 debug messages>

4.33.5. Rerunning OPT passes. (Removed registers in this run.)

4.33.6. Executing OPT_EXPR pass (perform const folding).
Optimizing module ener_relay.

4.33.7. Executing OPT_MERGE pass (detect identical cells).
Finding identical cells in module `\ener_relay'.
Computing hashes of 5846 cells of `\ener_relay'.
Finding duplicate cells in `\ener_relay'.
Removed a total of 0 cells.

4.33.8. Executing OPT_DFF pass (perform DFF optimizations).

4.33.9. Executing OPT_CLEAN pass (remove unused cells and wires).
Finding unused cells or wires in module \ener_relay..

4.33.10. Finished fast OPT passes.

4.34. Executing ICE40_OPT pass (performing simple optimizations).

4.34.1. Running ICE40 specific optimizations.
Optimized $__ICE40_CARRY_WRAPPER cell back to logic (without SB_CARRY) ener_relay.$auto$alumacc.cc:548:replace_alu$6493.slice[0].carry: CO=\bit_count [0]
Optimized $__ICE40_CARRY_WRAPPER cell back to logic (without SB_CARRY) ener_relay.$auto$alumacc.cc:548:replace_alu$6505.slice[0].carry: CO=\timestamp [1]
Optimized $__ICE40_CARRY_WRAPPER cell back to logic (without SB_CARRY) ener_relay.$auto$alumacc.cc:548:replace_alu$6518.slice[0].carry: CO=\timestamp [2]
Optimized $__ICE40_CARRY_WRAPPER cell back to logic (without SB_CARRY) ener_relay.$auto$alumacc.cc:548:replace_alu$6531.slice[0].carry: CO=\timestamp [1]
Optimized $__ICE40_CARRY_WRAPPER cell back to logic (without SB_CARRY) ener_relay.$auto$alumacc.cc:548:replace_alu$6544.slice[0].carry: CO=\timestamp [3]
Optimized $__ICE40_CARRY_WRAPPER cell back to logic (without SB_CARRY) ener_relay.$auto$alumacc.cc:548:replace_alu$6557.slice[0].carry: CO=\timestamp [1]
Optimized $__ICE40_CARRY_WRAPPER cell back to logic (without SB_CARRY) ener_relay.$auto$alumacc.cc:548:replace_alu$6570.slice[0].carry: CO=\timestamp [2]
Optimized $__ICE40_CARRY_WRAPPER cell back to logic (without SB_CARRY) ener_relay.$auto$alumacc.cc:548:replace_alu$6583.slice[0].carry: CO=\timestamp [1]
Optimized $__ICE40_CARRY_WRAPPER cell back to logic (without SB_CARRY) ener_relay.$auto$maccmap.cc:240:synth$8126.slice[0].carry: CO=$auto$maccmap.cc:240:synth$8126.B [0]
Optimized $__ICE40_CARRY_WRAPPER cell back to logic (without SB_CARRY) ener_relay.$auto$alumacc.cc:548:replace_alu$6596.slice[0].carry: CO=\arg [0]
Optimized $__ICE40_CARRY_WRAPPER cell back to logic (without SB_CARRY) ener_relay.$auto$alumacc.cc:548:replace_alu$6605.slice[0].carry: CO=\arg [3]
Optimized $__ICE40_CARRY_WRAPPER cell back to logic (without SB_CARRY) ener_relay.$auto$alumacc.cc:548:replace_alu$6618.slice[0].carry: CO=\timestamp [4]
Optimized $__ICE40_CARRY_WRAPPER cell back to logic (without SB_CARRY) ener_relay.$auto$alumacc.cc:548:replace_alu$6676.slice[0].carry: CO=$auto$alumacc.cc:548:replace_alu$6676.A [0]
Optimized $__ICE40_CARRY_WRAPPER cell back to logic (without SB_CARRY) ener_relay.$auto$alumacc.cc:548:replace_alu$6704.slice[0].carry: CO=\core.neuron [0]
Optimized $__ICE40_CARRY_WRAPPER cell back to logic (without SB_CARRY) ener_relay.$auto$alumacc.cc:548:replace_alu$6713.slice[16].carry: CO=$auto$alumacc.cc:548:replace_alu$6713.C [16]
Optimized $__ICE40_CARRY_WRAPPER cell back to logic (without SB_CARRY) ener_relay.$auto$alumacc.cc:548:replace_alu$6764.slice[0].carry: CO=\core.next_tick [3]
Optimized $__ICE40_CARRY_WRAPPER cell back to logic (without SB_CARRY) ener_relay.$auto$alumacc.cc:548:replace_alu$6767.slice[0].carry: CO=\core.clear_index [0]
Optimized $__ICE40_CARRY_WRAPPER cell back to logic (without SB_CARRY) ener_relay.$auto$alumacc.cc:548:replace_alu$6770.slice[0].carry: CO=\core.channel [0]
Optimized $__ICE40_CARRY_WRAPPER cell back to logic (without SB_CARRY) ener_relay.$auto$alumacc.cc:548:replace_alu$6773.slice[14].carry: CO=1'0
Optimized $__ICE40_CARRY_WRAPPER cell back to logic (without SB_CARRY) ener_relay.$auto$alumacc.cc:548:replace_alu$6776.slice[0].carry: CO=\bit_count [0]
Optimized $__ICE40_CARRY_WRAPPER cell back to logic (without SB_CARRY) ener_relay.$auto$alumacc.cc:548:replace_alu$6779.slice[0].carry: CO=\response_count [0]

4.34.2. Executing OPT_EXPR pass (perform const folding).
Optimizing module ener_relay.
<suppressed ~72 debug messages>

4.34.3. Executing OPT_MERGE pass (detect identical cells).
Finding identical cells in module `\ener_relay'.
Computing hashes of 5774 cells of `\ener_relay'.
Finding duplicate cells in `\ener_relay'.
Computing hashes of 5770 cells of `\ener_relay'.
Finding duplicate cells in `\ener_relay'.
<suppressed ~12 debug messages>
Removed a total of 4 cells.

4.34.4. Executing OPT_DFF pass (perform DFF optimizations).
Setting constant 0-bit at position 0 on $auto$ff.cc:337:slice$7526 ($_SDFFE_PP0P_) from module ener_relay.
Setting constant 0-bit at position 0 on $auto$ff.cc:337:slice$7682 ($_SDFFE_PP0P_) from module ener_relay.

4.34.5. Executing OPT_CLEAN pass (remove unused cells and wires).
Finding unused cells or wires in module \ener_relay..
Removed 17 unused cells and 20 unused wires.
<suppressed ~18 debug messages>

4.34.6. Rerunning OPT passes. (Removed registers in this run.)

4.34.7. Running ICE40 specific optimizations.

4.34.8. Executing OPT_EXPR pass (perform const folding).
Optimizing module ener_relay.
<suppressed ~4 debug messages>

4.34.9. Executing OPT_MERGE pass (detect identical cells).
Finding identical cells in module `\ener_relay'.
Computing hashes of 5750 cells of `\ener_relay'.
Finding duplicate cells in `\ener_relay'.
Removed a total of 0 cells.

4.34.10. Executing OPT_DFF pass (perform DFF optimizations).
Setting constant 0-bit at position 0 on $auto$ff.cc:337:slice$7204 ($_SDFFE_PP0P_) from module ener_relay.

4.34.11. Executing OPT_CLEAN pass (remove unused cells and wires).
Finding unused cells or wires in module \ener_relay..
Removed 0 unused cells and 3 unused wires.
<suppressed ~1 debug messages>

4.34.12. Rerunning OPT passes. (Removed registers in this run.)

4.34.13. Running ICE40 specific optimizations.
Optimized $__ICE40_CARRY_WRAPPER cell back to logic (without SB_CARRY) ener_relay.$auto$alumacc.cc:548:replace_alu$6663.slice[0].carry: CO=1'1

4.34.14. Executing OPT_EXPR pass (perform const folding).
Optimizing module ener_relay.

4.34.15. Executing OPT_MERGE pass (detect identical cells).
Finding identical cells in module `\ener_relay'.
Computing hashes of 5749 cells of `\ener_relay'.
Finding duplicate cells in `\ener_relay'.
Removed a total of 0 cells.

4.34.16. Executing OPT_DFF pass (perform DFF optimizations).
Setting constant 0-bit at position 0 on $auto$ff.cc:337:slice$7167 ($_SDFFE_PP0P_) from module ener_relay.

4.34.17. Executing OPT_CLEAN pass (remove unused cells and wires).
Finding unused cells or wires in module \ener_relay..
Removed 1 unused cells and 0 unused wires.
<suppressed ~1 debug messages>

4.34.18. Rerunning OPT passes. (Removed registers in this run.)

4.34.19. Running ICE40 specific optimizations.
Optimized $__ICE40_CARRY_WRAPPER cell back to logic (without SB_CARRY) ener_relay.$auto$alumacc.cc:548:replace_alu$6663.slice[1].carry: CO=1'1

4.34.20. Executing OPT_EXPR pass (perform const folding).
Optimizing module ener_relay.

4.34.21. Executing OPT_MERGE pass (detect identical cells).
Finding identical cells in module `\ener_relay'.
Computing hashes of 5747 cells of `\ener_relay'.
Finding duplicate cells in `\ener_relay'.
Removed a total of 0 cells.

4.34.22. Executing OPT_DFF pass (perform DFF optimizations).

4.34.23. Executing OPT_CLEAN pass (remove unused cells and wires).
Finding unused cells or wires in module \ener_relay..
Removed 1 unused cells and 0 unused wires.
<suppressed ~1 debug messages>

4.34.24. Rerunning OPT passes. (Removed registers in this run.)

4.34.25. Running ICE40 specific optimizations.
Optimized $__ICE40_CARRY_WRAPPER cell back to logic (without SB_CARRY) ener_relay.$auto$alumacc.cc:548:replace_alu$6663.slice[2].carry: CO=1'1

4.34.26. Executing OPT_EXPR pass (perform const folding).
Optimizing module ener_relay.

4.34.27. Executing OPT_MERGE pass (detect identical cells).
Finding identical cells in module `\ener_relay'.
Computing hashes of 5746 cells of `\ener_relay'.
Finding duplicate cells in `\ener_relay'.
Removed a total of 0 cells.

4.34.28. Executing OPT_DFF pass (perform DFF optimizations).

4.34.29. Executing OPT_CLEAN pass (remove unused cells and wires).
Finding unused cells or wires in module \ener_relay..
Removed 1 unused cells and 0 unused wires.
<suppressed ~1 debug messages>

4.34.30. Rerunning OPT passes. (Removed registers in this run.)

4.34.31. Running ICE40 specific optimizations.

4.34.32. Executing OPT_EXPR pass (perform const folding).
Optimizing module ener_relay.

4.34.33. Executing OPT_MERGE pass (detect identical cells).
Finding identical cells in module `\ener_relay'.
Computing hashes of 5745 cells of `\ener_relay'.
Finding duplicate cells in `\ener_relay'.
Removed a total of 0 cells.

4.34.34. Executing OPT_DFF pass (perform DFF optimizations).

4.34.35. Executing OPT_CLEAN pass (remove unused cells and wires).
Finding unused cells or wires in module \ener_relay..

4.34.36. Finished OPT passes. (There is nothing left to do.)

4.35. Executing DFFLEGALIZE pass (convert FFs to types supported by the target).

4.36. Executing TECHMAP pass (map to technology primitives).

4.36.1. Executing Verilog-2005 frontend: /share/ice40/ff_map.v
Parsing Verilog input from `/share/ice40/ff_map.v' to AST representation.
Generating RTLIL representation for module `$_DFF_N_'.
Generating RTLIL representation for module `$_DFF_P_'.
Generating RTLIL representation for module `$_DFFE_NP_'.
Generating RTLIL representation for module `$_DFFE_PP_'.
Generating RTLIL representation for module `$_DFF_NP0_'.
Generating RTLIL representation for module `$_DFF_NP1_'.
Generating RTLIL representation for module `$_DFF_PP0_'.
Generating RTLIL representation for module `$_DFF_PP1_'.
Generating RTLIL representation for module `$_DFFE_NP0P_'.
Generating RTLIL representation for module `$_DFFE_NP1P_'.
Generating RTLIL representation for module `$_DFFE_PP0P_'.
Generating RTLIL representation for module `$_DFFE_PP1P_'.
Generating RTLIL representation for module `$_SDFF_NP0_'.
Generating RTLIL representation for module `$_SDFF_NP1_'.
Generating RTLIL representation for module `$_SDFF_PP0_'.
Generating RTLIL representation for module `$_SDFF_PP1_'.
Generating RTLIL representation for module `$_SDFFCE_NP0P_'.
Generating RTLIL representation for module `$_SDFFCE_NP1P_'.
Generating RTLIL representation for module `$_SDFFCE_PP0P_'.
Generating RTLIL representation for module `$_SDFFCE_PP1P_'.
Successfully finished Verilog frontend.

4.36.2. Continuing TECHMAP pass.
Using template $_SDFF_PP0_ for cells of type $_SDFF_PP0_.
Using template $_DFF_P_ for cells of type $_DFF_P_.
Using template $_SDFFCE_PP0P_ for cells of type $_SDFFCE_PP0P_.
No more expansions possible.
<suppressed ~909 debug messages>

4.37. Executing OPT_EXPR pass (perform const folding).
Optimizing module ener_relay.
<suppressed ~16 debug messages>

4.38. Executing SIMPLEMAP pass (map simple cells to gate primitives).
Mapping ener_relay.$auto$alumacc.cc:548:replace_alu$6704.slice[0].carry ($lut).
Mapping ener_relay.$auto$alumacc.cc:548:replace_alu$6713.slice[16].carry ($lut).
Mapping ener_relay.$auto$alumacc.cc:548:replace_alu$6764.slice[0].carry ($lut).
Mapping ener_relay.$auto$alumacc.cc:548:replace_alu$6767.slice[0].carry ($lut).
Mapping ener_relay.$auto$alumacc.cc:548:replace_alu$6770.slice[0].carry ($lut).
Mapping ener_relay.$auto$alumacc.cc:548:replace_alu$6773.slice[14].carry ($lut).
Mapping ener_relay.$auto$alumacc.cc:548:replace_alu$6776.slice[0].carry ($lut).
Mapping ener_relay.$auto$alumacc.cc:548:replace_alu$6779.slice[0].carry ($lut).
Mapping ener_relay.$auto$maccmap.cc:240:synth$8126.slice[0].carry ($lut).

4.39. Executing ICE40_OPT pass (performing simple optimizations).

4.39.1. Running ICE40 specific optimizations.

4.39.2. Executing OPT_EXPR pass (perform const folding).
Optimizing module ener_relay.
<suppressed ~405 debug messages>

4.39.3. Executing OPT_MERGE pass (detect identical cells).
Finding identical cells in module `\ener_relay'.
Computing hashes of 6615 cells of `\ener_relay'.
Finding duplicate cells in `\ener_relay'.
Computing hashes of 5860 cells of `\ener_relay'.
Finding duplicate cells in `\ener_relay'.
<suppressed ~2265 debug messages>
Removed a total of 755 cells.

4.39.4. Executing OPT_DFF pass (perform DFF optimizations).

4.39.5. Executing OPT_CLEAN pass (remove unused cells and wires).
Finding unused cells or wires in module \ener_relay..
Removed 6 unused cells and 6086 unused wires.
<suppressed ~9 debug messages>

4.39.6. Rerunning OPT passes. (Removed registers in this run.)

4.39.7. Running ICE40 specific optimizations.

4.39.8. Executing OPT_EXPR pass (perform const folding).
Optimizing module ener_relay.
<suppressed ~4 debug messages>

4.39.9. Executing OPT_MERGE pass (detect identical cells).
Finding identical cells in module `\ener_relay'.
Computing hashes of 5854 cells of `\ener_relay'.
Finding duplicate cells in `\ener_relay'.
Removed a total of 0 cells.

4.39.10. Executing OPT_DFF pass (perform DFF optimizations).

4.39.11. Executing OPT_CLEAN pass (remove unused cells and wires).
Finding unused cells or wires in module \ener_relay..

4.39.12. Rerunning OPT passes. (Removed registers in this run.)

4.39.13. Running ICE40 specific optimizations.

4.39.14. Executing OPT_EXPR pass (perform const folding).
Optimizing module ener_relay.

4.39.15. Executing OPT_MERGE pass (detect identical cells).
Finding identical cells in module `\ener_relay'.
Computing hashes of 5854 cells of `\ener_relay'.
Finding duplicate cells in `\ener_relay'.
Removed a total of 0 cells.

4.39.16. Executing OPT_DFF pass (perform DFF optimizations).

4.39.17. Executing OPT_CLEAN pass (remove unused cells and wires).
Finding unused cells or wires in module \ener_relay..

4.39.18. Finished OPT passes. (There is nothing left to do.)

4.40. Executing CHECK pass (checking for obvious problems).
Checking module ener_relay...
Found and reported 0 problems.

4.41. Executing TECHMAP pass (map to technology primitives).

4.41.1. Executing Verilog-2005 frontend: /share/ice40/latches_map.v
Parsing Verilog input from `/share/ice40/latches_map.v' to AST representation.
Generating RTLIL representation for module `$_DLATCH_N_'.
Generating RTLIL representation for module `$_DLATCH_P_'.
Successfully finished Verilog frontend.

4.41.2. Continuing TECHMAP pass.
No more expansions possible.
<suppressed ~4 debug messages>

4.42. Executing Verilog-2005 frontend: /share/ice40/abc9_model.v
Parsing Verilog input from `/share/ice40/abc9_model.v' to AST representation.
Generating RTLIL representation for module `$__ICE40_CARRY_WRAPPER'.
Successfully finished Verilog frontend.

4.43. Executing ABC9 pass.

4.43.1. Executing ABC9_OPS pass (helper functions for ABC9).

4.43.2. Executing ABC9_OPS pass (helper functions for ABC9).

4.43.3. Executing SCC pass (detecting logic loops).
Found 0 SCCs in module ener_relay.
Found 0 SCCs.

4.43.4. Executing ABC9_OPS pass (helper functions for ABC9).

4.43.5. Executing TECHMAP pass (map to technology primitives).

4.43.5.1. Executing Verilog-2005 frontend: /share/techmap.v
Parsing Verilog input from `/share/techmap.v' to AST representation.
Generating RTLIL representation for module `\_90_simplemap_bool_ops'.
Generating RTLIL representation for module `\_90_simplemap_reduce_ops'.
Generating RTLIL representation for module `\_90_simplemap_logic_ops'.
Generating RTLIL representation for module `\_90_simplemap_compare_ops'.
Generating RTLIL representation for module `\_90_simplemap_various'.
Generating RTLIL representation for module `\_90_simplemap_registers'.
Generating RTLIL representation for module `\_90_shift_ops_shr_shl_sshl_sshr'.
Generating RTLIL representation for module `\_90_shift_shiftx'.
Generating RTLIL representation for module `\_90_fa'.
Generating RTLIL representation for module `\_90_lcu_brent_kung'.
Generating RTLIL representation for module `\_90_alu'.
Generating RTLIL representation for module `\_90_macc'.
Generating RTLIL representation for module `\_90_alumacc'.
Generating RTLIL representation for module `$__div_mod_u'.
Generating RTLIL representation for module `$__div_mod_trunc'.
Generating RTLIL representation for module `\_90_div'.
Generating RTLIL representation for module `\_90_mod'.
Generating RTLIL representation for module `$__div_mod_floor'.
Generating RTLIL representation for module `\_90_divfloor'.
Generating RTLIL representation for module `\_90_modfloor'.
Generating RTLIL representation for module `\_90_pow'.
Generating RTLIL representation for module `\_90_demux'.
Generating RTLIL representation for module `\_90_lut'.
Generating RTLIL representation for module `$connect'.
Generating RTLIL representation for module `$input_port'.
Successfully finished Verilog frontend.

4.43.5.2. Continuing TECHMAP pass.
No more expansions possible.
<suppressed ~130 debug messages>

4.43.6. Executing OPT pass (performing simple optimizations).

4.43.6.1. Executing OPT_EXPR pass (perform const folding).

4.43.6.2. Executing OPT_MERGE pass (detect identical cells).
Removed a total of 0 cells.

4.43.6.3. Executing OPT_MUXTREE pass (detect dead branches in mux trees).
Removed 0 multiplexer ports.

4.43.6.4. Executing OPT_REDUCE pass (consolidate $*mux and $reduce_* inputs).
Performed a total of 0 changes.

4.43.6.5. Executing OPT_MERGE pass (detect identical cells).
Removed a total of 0 cells.

4.43.6.6. Executing OPT_DFF pass (perform DFF optimizations).

4.43.6.7. Executing OPT_CLEAN pass (remove unused cells and wires).

4.43.6.8. Executing OPT_EXPR pass (perform const folding).

4.43.6.9. Finished fast OPT passes. (There is nothing left to do.)

4.43.7. Executing TECHMAP pass (map to technology primitives).

4.43.7.1. Executing Verilog-2005 frontend: /share/abc9_map.v
Parsing Verilog input from `/share/abc9_map.v' to AST representation.
Successfully finished Verilog frontend.

4.43.7.2. Continuing TECHMAP pass.
No more expansions possible.
<suppressed ~2 debug messages>

4.43.8. Executing Verilog-2005 frontend: /share/abc9_model.v
Parsing Verilog input from `/share/abc9_model.v' to AST representation.
Generating RTLIL representation for module `$__ABC9_DELAY'.
Generating RTLIL representation for module `$__ABC9_SCC_BREAKER'.
Generating RTLIL representation for module `$__DFF_N__$abc9_flop'.
Generating RTLIL representation for module `$__DFF_P__$abc9_flop'.
Successfully finished Verilog frontend.

4.43.9. Executing ABC9_OPS pass (helper functions for ABC9).
<suppressed ~1764 debug messages>

4.43.10. Executing ABC9_OPS pass (helper functions for ABC9).

4.43.11. Executing ABC9_OPS pass (helper functions for ABC9).
<suppressed ~2 debug messages>

4.43.12. Executing TECHMAP pass (map to technology primitives).

4.43.12.1. Executing Verilog-2005 frontend: /share/techmap.v
Parsing Verilog input from `/share/techmap.v' to AST representation.
Generating RTLIL representation for module `\_90_simplemap_bool_ops'.
Generating RTLIL representation for module `\_90_simplemap_reduce_ops'.
Generating RTLIL representation for module `\_90_simplemap_logic_ops'.
Generating RTLIL representation for module `\_90_simplemap_compare_ops'.
Generating RTLIL representation for module `\_90_simplemap_various'.
Generating RTLIL representation for module `\_90_simplemap_registers'.
Generating RTLIL representation for module `\_90_shift_ops_shr_shl_sshl_sshr'.
Generating RTLIL representation for module `\_90_shift_shiftx'.
Generating RTLIL representation for module `\_90_fa'.
Generating RTLIL representation for module `\_90_lcu_brent_kung'.
Generating RTLIL representation for module `\_90_alu'.
Generating RTLIL representation for module `\_90_macc'.
Generating RTLIL representation for module `\_90_alumacc'.
Generating RTLIL representation for module `$__div_mod_u'.
Generating RTLIL representation for module `$__div_mod_trunc'.
Generating RTLIL representation for module `\_90_div'.
Generating RTLIL representation for module `\_90_mod'.
Generating RTLIL representation for module `$__div_mod_floor'.
Generating RTLIL representation for module `\_90_divfloor'.
Generating RTLIL representation for module `\_90_modfloor'.
Generating RTLIL representation for module `\_90_pow'.
Generating RTLIL representation for module `\_90_demux'.
Generating RTLIL representation for module `\_90_lut'.
Generating RTLIL representation for module `$connect'.
Generating RTLIL representation for module `$input_port'.
Successfully finished Verilog frontend.

4.43.12.2. Continuing TECHMAP pass.
Using template $paramod$__ICE40_CARRY_WRAPPER\LUT=16'0110100110010110\I3_IS_CI=1'1 for cells of type $paramod$__ICE40_CARRY_WRAPPER\LUT=16'0110100110010110\I3_IS_CI=1'1.
Using template SB_CARRY for cells of type SB_CARRY.
Using template $paramod\SB_LUT4\LUT_INIT=16'0110100110010110 for cells of type SB_LUT4.
Using extmapper simplemap for cells of type $mux.
Using extmapper simplemap for cells of type $logic_or.
Using extmapper simplemap for cells of type $logic_and.
No more expansions possible.
<suppressed ~151 debug messages>

4.43.13. Executing OPT pass (performing simple optimizations).

4.43.13.1. Executing OPT_EXPR pass (perform const folding).
Optimizing module ener_relay.
<suppressed ~4 debug messages>

4.43.13.2. Executing OPT_MERGE pass (detect identical cells).
Finding identical cells in module `\ener_relay'.
Computing hashes of 30 cells of `\ener_relay'.
Finding duplicate cells in `\ener_relay'.
Computing hashes of 20 cells of `\ener_relay'.
Finding duplicate cells in `\ener_relay'.
Computing hashes of 18 cells of `\ener_relay'.
Finding duplicate cells in `\ener_relay'.
<suppressed ~29 debug messages>
Removed a total of 12 cells.

4.43.13.3. Executing OPT_MUXTREE pass (detect dead branches in mux trees).
Running muxtree optimizer on module \ener_relay..
  Creating internal representation of mux trees.
  No muxes found in this module.
Removed 0 multiplexer ports.

4.43.13.4. Executing OPT_REDUCE pass (consolidate $*mux and $reduce_* inputs).
  Optimizing cells in module \ener_relay.
Performed a total of 0 changes.

4.43.13.5. Executing OPT_MERGE pass (detect identical cells).
Finding identical cells in module `\ener_relay'.
Computing hashes of 18 cells of `\ener_relay'.
Finding duplicate cells in `\ener_relay'.
Removed a total of 0 cells.

4.43.13.6. Executing OPT_DFF pass (perform DFF optimizations).

4.43.13.7. Executing OPT_CLEAN pass (remove unused cells and wires).
Finding unused cells or wires in module \ener_relay..
Removed 0 unused cells and 24 unused wires.
<suppressed ~1 debug messages>

4.43.13.8. Executing OPT_EXPR pass (perform const folding).
Optimizing module ener_relay.

4.43.13.9. Rerunning OPT passes. (Maybe there is more to do..)

4.43.13.10. Executing OPT_MUXTREE pass (detect dead branches in mux trees).
Running muxtree optimizer on module \ener_relay..
  Creating internal representation of mux trees.
  No muxes found in this module.
Removed 0 multiplexer ports.

4.43.13.11. Executing OPT_REDUCE pass (consolidate $*mux and $reduce_* inputs).
  Optimizing cells in module \ener_relay.
Performed a total of 0 changes.

4.43.13.12. Executing OPT_MERGE pass (detect identical cells).
Finding identical cells in module `\ener_relay'.
Computing hashes of 18 cells of `\ener_relay'.
Finding duplicate cells in `\ener_relay'.
Removed a total of 0 cells.

4.43.13.13. Executing OPT_DFF pass (perform DFF optimizations).

4.43.13.14. Executing OPT_CLEAN pass (remove unused cells and wires).
Finding unused cells or wires in module \ener_relay..

4.43.13.15. Executing OPT_EXPR pass (perform const folding).
Optimizing module ener_relay.

4.43.13.16. Finished fast OPT passes. (There is nothing left to do.)

4.43.14. Executing AIGMAP pass (map logic to AIG).
Module ener_relay: replaced 7 cells with 43 new cells, skipped 11 cells.
  replaced 2 cell types:
       5 $_MUX_
       2 $_OR_
  not replaced 3 cell types:
       2 $_AND_
       1 $_NOT_
       8 $specify2

4.43.15. Executing AIGMAP pass (map logic to AIG).
Module ener_relay: replaced 2180 cells with 9689 new cells, skipped 5436 cells.
  replaced 3 cell types:
     254 $_MUX_
    1857 $_OR_
      69 $_XOR_
  not replaced 9 cell types:
    1754 $_AND_
     623 $_NOT_
       5 $scopeinfo
      12 SB_DFF
      15 SB_DFFSR
     860 SB_DFFESR
     887 $paramod$__ABC9_DELAY\DELAY=32'00000000000000000000000000010101
     875 $paramod$__ABC9_DELAY\DELAY=32'00000000000000000000000011001011
     405 $paramod$__ICE40_CARRY_WRAPPER\LUT=16'0110100110010110\I3_IS_CI=1'1

4.43.15.1. Executing ABC9_OPS pass (helper functions for ABC9).

4.43.15.2. Executing ABC9_OPS pass (helper functions for ABC9).

4.43.15.3. Executing XAIGER backend.
<suppressed ~898 debug messages>
Extracted 4580 AND gates and 15864 wires from module `ener_relay' to a netlist network with 893 inputs and 1880 outputs.

4.43.15.4. Executing ABC9_EXE pass (technology mapping using ABC9).

4.43.15.5. Executing ABC9.
Running ABC command: "/yosys-abc" -s -f <abc-temp-dir>/abc.script 2>&1

4.43.15.6. Executing AIGER frontend.
<suppressed ~11 debug messages>
Removed 4627 unused cells and 13743 unused wires.

4.43.15.7. Executing ABC_OPS_REINTEGRATE pass (reintegrate ABC mapped design into module).
ABC RESULTS:              $lut cells:     1836
ABC RESULTS:   $paramod$__ICE40_CARRY_WRAPPER\LUT=16'0110100110010110\I3_IS_CI=1'1 cells:      403
ABC RESULTS:           input signals:      156
ABC RESULTS:          output signals:     1880
<suppressed ~5548 debug messages>
Removing temp directory.

4.43.16. Executing TECHMAP pass (map to technology primitives).

4.43.16.1. Executing Verilog-2005 frontend: /share/abc9_unmap.v
Parsing Verilog input from `/share/abc9_unmap.v' to AST representation.
Generating RTLIL representation for module `$__DFF_x__$abc9_flop'.
Generating RTLIL representation for module `$__ABC9_SCC_BREAKER'.
Successfully finished Verilog frontend.

4.43.16.2. Continuing TECHMAP pass.
Using template $paramod$__ICE40_CARRY_WRAPPER\LUT=16'0110100110010110\I3_IS_CI=1'1 for cells of type $paramod$__ICE40_CARRY_WRAPPER\LUT=16'0110100110010110\I3_IS_CI=1'1.
No more expansions possible.
<suppressed ~409 debug messages>

4.44. Executing ICE40_WRAPCARRY pass (wrap carries).

4.45. Executing TECHMAP pass (map to technology primitives).

4.45.1. Executing Verilog-2005 frontend: /share/ice40/ff_map.v
Parsing Verilog input from `/share/ice40/ff_map.v' to AST representation.
Generating RTLIL representation for module `$_DFF_N_'.
Generating RTLIL representation for module `$_DFF_P_'.
Generating RTLIL representation for module `$_DFFE_NP_'.
Generating RTLIL representation for module `$_DFFE_PP_'.
Generating RTLIL representation for module `$_DFF_NP0_'.
Generating RTLIL representation for module `$_DFF_NP1_'.
Generating RTLIL representation for module `$_DFF_PP0_'.
Generating RTLIL representation for module `$_DFF_PP1_'.
Generating RTLIL representation for module `$_DFFE_NP0P_'.
Generating RTLIL representation for module `$_DFFE_NP1P_'.
Generating RTLIL representation for module `$_DFFE_PP0P_'.
Generating RTLIL representation for module `$_DFFE_PP1P_'.
Generating RTLIL representation for module `$_SDFF_NP0_'.
Generating RTLIL representation for module `$_SDFF_NP1_'.
Generating RTLIL representation for module `$_SDFF_PP0_'.
Generating RTLIL representation for module `$_SDFF_PP1_'.
Generating RTLIL representation for module `$_SDFFCE_NP0P_'.
Generating RTLIL representation for module `$_SDFFCE_NP1P_'.
Generating RTLIL representation for module `$_SDFFCE_PP0P_'.
Generating RTLIL representation for module `$_SDFFCE_PP1P_'.
Successfully finished Verilog frontend.

4.45.2. Continuing TECHMAP pass.
No more expansions possible.
<suppressed ~22 debug messages>
Removed 533 unused cells and 20631 unused wires.

4.46. Executing OPT_LUT pass (optimize LUTs).
Discovering LUTs.
Number of LUTs:     2038
  1-LUT              171
  2-LUT              288
  3-LUT              585
  4-LUT              994
  with \SB_CARRY    (#0)  184
  with \SB_CARRY    (#1)  190

Eliminating LUTs.
Number of LUTs:     2038
  1-LUT              171
  2-LUT              288
  3-LUT              585
  4-LUT              994
  with \SB_CARRY    (#0)  184
  with \SB_CARRY    (#1)  190

Combining LUTs.
Number of LUTs:     2013
  1-LUT              169
  2-LUT              262
  3-LUT              571
  4-LUT             1011
  with \SB_CARRY    (#0)  184
  with \SB_CARRY    (#1)  190

Eliminated 0 LUTs.
Combined 25 LUTs.
<suppressed ~12561 debug messages>

4.47. Executing TECHMAP pass (map to technology primitives).

4.47.1. Executing Verilog-2005 frontend: /share/ice40/cells_map.v
Parsing Verilog input from `/share/ice40/cells_map.v' to AST representation.
Generating RTLIL representation for module `$lut'.
Successfully finished Verilog frontend.

4.47.2. Continuing TECHMAP pass.
Using template $paramod$69cd07689187c617289e4eda75b267345c09f795$lut for cells of type $lut.
Using template $paramod$a3ae0924cde80889c6e05ae61ecf799facf8ded5$lut for cells of type $lut.
Using template $paramod$lut\WIDTH=32'00000000000000000000000000000001\LUT=2'01 for cells of type $lut.
Using template $paramod$fd904e9e35cfd343a9df248824bd3f1408724879$lut for cells of type $lut.
Using template $paramod$lut\WIDTH=32'00000000000000000000000000000011\LUT=8'00000010 for cells of type $lut.
Using template $paramod$lut\WIDTH=32'00000000000000000000000000000010\LUT=4'0100 for cells of type $lut.
Using template $paramod$lut\WIDTH=32'00000000000000000000000000000010\LUT=4'1000 for cells of type $lut.
Using template $paramod$873c285bdccf0ac2b60d2304ea5cd14bf211d2a6$lut for cells of type $lut.
Using template $paramod$lut\WIDTH=32'00000000000000000000000000000011\LUT=8'00010000 for cells of type $lut.
Using template $paramod$lut\WIDTH=32'00000000000000000000000000000011\LUT=8'00000001 for cells of type $lut.
Using template $paramod$lut\WIDTH=32'00000000000000000000000000000011\LUT=8'00100000 for cells of type $lut.
Using template $paramod$f8f63b209b7230e81958663ff24fef1613156af7$lut for cells of type $lut.
Using template $paramod$lut\WIDTH=32'00000000000000000000000000000011\LUT=8'00001000 for cells of type $lut.
Using template $paramod$lut\WIDTH=32'00000000000000000000000000000011\LUT=8'10000000 for cells of type $lut.
Using template $paramod$571404c0889eaf57f492cb5e37f8acb5df5852f9$lut for cells of type $lut.
Using template $paramod$bba54c1ef87367812b4c15f4aed5ac70773df775$lut for cells of type $lut.
Using template $paramod$179512a187da069f3b79ef6612a41e494e7d54b6$lut for cells of type $lut.
Using template $paramod$097592bb16245531f0716c5ddb18d7090f9c7d9d$lut for cells of type $lut.
Using template $paramod$9d707d218adbd63b6f9a0c79d7ee037306fb6296$lut for cells of type $lut.
Using template $paramod$lut\WIDTH=32'00000000000000000000000000000011\LUT=8'01110000 for cells of type $lut.
Using template $paramod$3645b0458bcdb4f56aecc3d9ed50765be7bc9993$lut for cells of type $lut.
Using template $paramod$lut\WIDTH=32'00000000000000000000000000000011\LUT=8'01000000 for cells of type $lut.
Using template $paramod$lut\WIDTH=32'00000000000000000000000000000011\LUT=8'00000100 for cells of type $lut.
Using template $paramod$a15fd389a2f54cb7b94707b25934d226e68d9e2e$lut for cells of type $lut.
Using template $paramod$8512f4fb47fa9596f76cdbe5b407a5b54df368e7$lut for cells of type $lut.
Using template $paramod$lut\WIDTH=32'00000000000000000000000000000011\LUT=8'10010000 for cells of type $lut.
Using template $paramod$fb5ee0bdef1c4e74aaf1fd8efae98b46a2f5e564$lut for cells of type $lut.
Using template $paramod$lut\WIDTH=32'00000000000000000000000000000010\LUT=4'0111 for cells of type $lut.
Using template $paramod$lut\WIDTH=32'00000000000000000000000000000010\LUT=4'0001 for cells of type $lut.
Using template $paramod$d7819984cb4e0aeb431d3f819edc05eef9c8d888$lut for cells of type $lut.
Using template $paramod$lut\WIDTH=32'00000000000000000000000000000010\LUT=4'0010 for cells of type $lut.
Using template $paramod$2b187743e9a5d701dd1d8451ad4fa986c1aea139$lut for cells of type $lut.
Using template $paramod$0b3dae0cf9ba4ff0f31b6a740f162807f52296cf$lut for cells of type $lut.
Using template $paramod$lut\WIDTH=32'00000000000000000000000000000011\LUT=8'01111000 for cells of type $lut.
Using template $paramod$lut\WIDTH=32'00000000000000000000000000000011\LUT=8'11100100 for cells of type $lut.
Using template $paramod$6d6beead1425af15cf78b27fd9b11b41b5d4bce8$lut for cells of type $lut.
Using template $paramod$658b9ed803f0d3d335616d3858b53e0a2522f1e8$lut for cells of type $lut.
Using template $paramod$272652f6c6fbe9a75eff76e45cc7e2788835518b$lut for cells of type $lut.
Using template $paramod$lut\WIDTH=32'00000000000000000000000000000011\LUT=8'00010011 for cells of type $lut.
Using template $paramod$82b4a585d1edcb5c6e755dc9bd3392228a1c1304$lut for cells of type $lut.
Using template $paramod$865395c0228487a64a8e4011cecafc2c64b79f2b$lut for cells of type $lut.
Using template $paramod$6e238df02989b317f10820a22773676e71120644$lut for cells of type $lut.
Using template $paramod$6b0849254d6c87461fb93e37cc18f089f61eb912$lut for cells of type $lut.
Using template $paramod$lut\WIDTH=32'00000000000000000000000000000011\LUT=8'00101000 for cells of type $lut.
Using template $paramod$ab71f3521a471db9de7dc9a30e57b71a3542a900$lut for cells of type $lut.
Using template $paramod$lut\WIDTH=32'00000000000000000000000000000010\LUT=4'1110 for cells of type $lut.
Using template $paramod$lut\WIDTH=32'00000000000000000000000000000011\LUT=8'10101101 for cells of type $lut.
Using template $paramod$ea5280fce2698f0f291737e66fca69a1d9d058e1$lut for cells of type $lut.
Using template $paramod$4853050665c020c8d21fb1a749196950a09d9df8$lut for cells of type $lut.
Using template $paramod$lut\WIDTH=32'00000000000000000000000000000011\LUT=8'11100000 for cells of type $lut.
Using template $paramod$12879138d1e376f344e47ea40be66b776233be75$lut for cells of type $lut.
Using template $paramod$1c4dba04c7b1b6f9ae2fbd2ebcdbd37f5c14a3e3$lut for cells of type $lut.
Using template $paramod$a4640096cbef09c4ef8613155a589c40164ac034$lut for cells of type $lut.
Using template $paramod$97108e3cc0d0482a6e72e932e86430aa2177750b$lut for cells of type $lut.
Using template $paramod$d6ca727e39f31d51d29072e0f33aa09c65e37336$lut for cells of type $lut.
Using template $paramod$413d040dcd860cd74ca61a70644516a95d328ae7$lut for cells of type $lut.
Using template $paramod$lut\WIDTH=32'00000000000000000000000000000011\LUT=8'01001100 for cells of type $lut.
Using template $paramod$98162d862d449f7c67182f5a43cdfe4123defff8$lut for cells of type $lut.
Using template $paramod$0d3ac82cf5b8a192d5ff4c23e3143360366ae882$lut for cells of type $lut.
Using template $paramod$332a399730bfc61adea04021a76b1c4e4030f37d$lut for cells of type $lut.
Using template $paramod$193d365ba3260f56de4ca734b1cedcf9dc72302b$lut for cells of type $lut.
Using template $paramod$101238f3d8d49ab12a9b49a2f01cd503b26e9c61$lut for cells of type $lut.
Using template $paramod$5e9374f44a27c3f8a1c38af244ec43ceb4fb8d4f$lut for cells of type $lut.
Using template $paramod$c28a8b7ce0535d090c4cfb52e9c74affd52b110c$lut for cells of type $lut.
Using template $paramod$8e44661def013b6bf9fe6f8b049ef2c838d749f9$lut for cells of type $lut.
Using template $paramod$a5516fc31d1e552de2435200bb732b4d4ad63a9c$lut for cells of type $lut.
Using template $paramod$066c8b79539c6cc144c5af6a60f411ebf4e1a8d9$lut for cells of type $lut.
Using template $paramod$47a8214374025465e226fa66bee690ff33268a25$lut for cells of type $lut.
Using template $paramod$c217e185eb8e6463ca272982ba8c5940fa90d81f$lut for cells of type $lut.
Using template $paramod$f9813472aa48e533b3838c6f2316dc2e78c66111$lut for cells of type $lut.
Using template $paramod$364c9ffbffac467d60dfec81bba4e18476c15602$lut for cells of type $lut.
Using template $paramod$e51a8a571bee774247b38f52d6e85fd62ae52cea$lut for cells of type $lut.
Using template $paramod$30305e55a780880b9c824fe3509a4d981acb0f2b$lut for cells of type $lut.
Using template $paramod$e01a027fedb28671a20c130493a89c7afd4e87d3$lut for cells of type $lut.
Using template $paramod$aab54572d5ffecd31253b36e73e9cb718d05be34$lut for cells of type $lut.
Using template $paramod$lut\WIDTH=32'00000000000000000000000000000011\LUT=8'11101010 for cells of type $lut.
Using template $paramod$81d8a60fd95b1a9f9ef71c12a774ae6988cb9fd5$lut for cells of type $lut.
Using template $paramod$e134ec2a47a2462a591072e65d34fb15b81c90e0$lut for cells of type $lut.
Using template $paramod$lut\WIDTH=32'00000000000000000000000000000011\LUT=8'10001011 for cells of type $lut.
Using template $paramod$823489d7a8c452640c303d2266cca407e1e2cd1a$lut for cells of type $lut.
Using template $paramod$ea79e410ad0f4fc3326666c891e1f3992816d636$lut for cells of type $lut.
Using template $paramod$f240e8d6ae1c4b8a7008ce9f14aa76387ffdce87$lut for cells of type $lut.
Using template $paramod$25003f26a78bb2f583f23824f1e0b8cc16b88761$lut for cells of type $lut.
Using template $paramod$f3e1547c4b47e64c590e75cf09078b2507c8cc75$lut for cells of type $lut.
Using template $paramod$lut\WIDTH=32'00000000000000000000000000000011\LUT=8'00001110 for cells of type $lut.
Using template $paramod$a988852add2bdce7c1dfac786401ba7c7bc832c1$lut for cells of type $lut.
Using template $paramod$d9e869de4ea8677851dc452d380224cee441f821$lut for cells of type $lut.
Using template $paramod$8f0127ae6e4e4fae3e6aa8d83144b199848e8539$lut for cells of type $lut.
Using template $paramod$21f957a7073b1ba634cad0df400394ca323de2fc$lut for cells of type $lut.
Using template $paramod$bab0ea0d717fb03593996e2a9f716c39db2520fb$lut for cells of type $lut.
Using template $paramod$5c32c59025c0b98f20e63f249d83e7ebb4b085e3$lut for cells of type $lut.
Using template $paramod$e412821338883e25f2e0d1a1d7fada158db69807$lut for cells of type $lut.
Using template $paramod$27bf797f92801f96533b56dd37f1c26c7a246233$lut for cells of type $lut.
Using template $paramod$lut\WIDTH=32'00000000000000000000000000000010\LUT=4'0110 for cells of type $lut.
Using template $paramod$lut\WIDTH=32'00000000000000000000000000000011\LUT=8'10101110 for cells of type $lut.
Using template $paramod$lut\WIDTH=32'00000000000000000000000000000011\LUT=8'10111000 for cells of type $lut.
Using template $paramod$lut\WIDTH=32'00000000000000000000000000000011\LUT=8'11011000 for cells of type $lut.
Using template $paramod$e6b62369302e1a57b32042fd2a7836dbed452325$lut for cells of type $lut.
Using template $paramod$f41ad5097d9f0f76cacde91c023873087e38be33$lut for cells of type $lut.
Using template $paramod$e4f8d81c24db5be4d13730546a4ee5ffc8be826a$lut for cells of type $lut.
Using template $paramod$lut\WIDTH=32'00000000000000000000000000000011\LUT=8'01010010 for cells of type $lut.
Using template $paramod$lut\WIDTH=32'00000000000000000000000000000011\LUT=8'11111110 for cells of type $lut.
Using template $paramod$lut\WIDTH=32'00000000000000000000000000000011\LUT=8'11111011 for cells of type $lut.
Using template $paramod$71d951b20e73043168c1656217d126e617052faa$lut for cells of type $lut.
Using template $paramod$lut\WIDTH=32'00000000000000000000000000000011\LUT=8'11101111 for cells of type $lut.
Using template $paramod$73d07df06bdcebf8bcc513075902f140fba061ec$lut for cells of type $lut.
Using template $paramod$8384e66d408d22ab39dfb451efb7879731befeb8$lut for cells of type $lut.
Using template $paramod$d017bb1379dfae5c49537b3fbd1cdc27d426859f$lut for cells of type $lut.
Using template $paramod$ee20458ad08b113ce438a814819c4179b6bb5eac$lut for cells of type $lut.
Using template $paramod$lut\WIDTH=32'00000000000000000000000000000011\LUT=8'00000111 for cells of type $lut.
Using template $paramod$b4f15f202f50520dbc381cd0880ac94f830f05a8$lut for cells of type $lut.
Using template $paramod$lut\WIDTH=32'00000000000000000000000000000011\LUT=8'11111000 for cells of type $lut.
Using template $paramod$305fd3b7552c2378a7cd8315d4f432697caa28ea$lut for cells of type $lut.
Using template $paramod$lut\WIDTH=32'00000000000000000000000000000011\LUT=8'00001011 for cells of type $lut.
Using template $paramod$e9c77024ca501b890c641f9c0b10e27242db8730$lut for cells of type $lut.
Using template $paramod$7a09c632ebd39a203628a04507a2df81de3ade57$lut for cells of type $lut.
Using template $paramod$2bf796e0fd6e6f7f76aac424a34e617ed5d61822$lut for cells of type $lut.
Using template $paramod$lut\WIDTH=32'00000000000000000000000000000011\LUT=8'10111010 for cells of type $lut.
Using template $paramod$lut\WIDTH=32'00000000000000000000000000000011\LUT=8'11101100 for cells of type $lut.
Using template $paramod$f66701c2a576cac72f53fd2cecc38934e65f0e16$lut for cells of type $lut.
Using template $paramod$f59b1af0bc9f30c20f80e901f1a504115c863612$lut for cells of type $lut.
Using template $paramod$lut\WIDTH=32'00000000000000000000000000000011\LUT=8'11001110 for cells of type $lut.
Using template $paramod$lut\WIDTH=32'00000000000000000000000000000011\LUT=8'11110100 for cells of type $lut.
Using template $paramod$f921ab2c451d17e196d1dcad0b6d434881387fe3$lut for cells of type $lut.
Using template $paramod$968bbcc64da0b510b4577f17a4a470793a3617e9$lut for cells of type $lut.
Using template $paramod$f7e977e4ab769956ecac4448595a773db86c44e8$lut for cells of type $lut.
Using template $paramod$6e46ec5a196ba1a24b8e69ab094cadc07c13ac1f$lut for cells of type $lut.
Using template $paramod$beae4210b922fc9ba2fcc4008a7474b475e38c50$lut for cells of type $lut.
Using template $paramod$lut\WIDTH=32'00000000000000000000000000000011\LUT=8'00110001 for cells of type $lut.
Using template $paramod$4e0dac06d9d9602cfb659e01e0850b77eec5b798$lut for cells of type $lut.
Using template $paramod$0ee0167fb5dd83bdfe7197fff23e2c7146c57037$lut for cells of type $lut.
Using template $paramod$11ec7271d8e6e5aeaace08c13e4c601f10e31038$lut for cells of type $lut.
Using template $paramod$lut\WIDTH=32'00000000000000000000000000000011\LUT=8'11001010 for cells of type $lut.
Using template $paramod$694c95659b447cef99dd4cdbd49b87dfd5f6c806$lut for cells of type $lut.
Using template $paramod$69f20e0703606f2ffd2ee27cd26f815bd5eeb6e9$lut for cells of type $lut.
Using template $paramod$1be3a10aca64bc8b3d140a9dcfb9bac7a6744be9$lut for cells of type $lut.
Using template $paramod$a50be0e6fa3a01511bb234559cb74fb8bd3e2061$lut for cells of type $lut.
Using template $paramod$lut\WIDTH=32'00000000000000000000000000000011\LUT=8'11001000 for cells of type $lut.
Using template $paramod$lut\WIDTH=32'00000000000000000000000000000011\LUT=8'01100000 for cells of type $lut.
No more expansions possible.
<suppressed ~3823 debug messages>
Removed 0 unused cells and 4678 unused wires.

4.48. Executing AUTONAME pass.
Renamed 5065 objects in module ener_relay.
<suppressed ~5065 debug messages>

4.49. Executing HIERARCHY pass (managing design hierarchy).
Attribute `top' found on module `ener_relay'. Setting top module to ener_relay.

4.49.1. Analyzing design hierarchy..
Top module:  \ener_relay

4.49.2. Analyzing design hierarchy..
Top module:  \ener_relay
Removed 0 unused modules.

4.50. Printing statistics.

=== ener_relay ===

        +----------Local Count, excluding submodules.
        |
     1967 wires
     5081 wire bits
     1967 public wires
     5081 public wire bits
        9 ports
        9 port bits
        5 cells
        5   $scopeinfo
     3287 submodules
      387   SB_CARRY
       12   SB_DFF
      860   SB_DFFESR
       15   SB_DFFSR
     2013   SB_LUT4

=== design hierarchy ===

        +----------Count including submodules.
        |
        5 ener_relay

        +----------Count including submodules.
        |
     1967 wires
     5081 wire bits
     1967 public wires
     5081 public wire bits
        9 ports
        9 port bits
        - memories
        - memory bits
        - processes
        5 cells
        5   $scopeinfo
     3287 submodules
      387   SB_CARRY
       12   SB_DFF
      860   SB_DFFESR
       15   SB_DFFSR
     2013   SB_LUT4

4.51. Executing CHECK pass (checking for obvious problems).
Checking module ener_relay...
Found and reported 0 problems.

4.52. Executing JSON backend.

5. Printing statistics.

=== ener_relay ===

        +----------Local Count, excluding submodules.
        |
     1967 wires
     5081 wire bits
     1967 public wires
     5081 public wire bits
        9 ports
        9 port bits
     3292 cells
        5   $scopeinfo
      387   SB_CARRY
       12   SB_DFF
      860   SB_DFFESR
       15   SB_DFFSR
     2013   SB_LUT4
